{"stats":{"minecraft:killed_by":{"minecraft:zombie_villager":1,"minecraft:player":2},"minecraft:mined":{"minecraft:dark_oak_planks":11,"minecraft:pink_bed":23,"minecraft:white_bed":32,"minecraft:cherry_log":742,"minecraft:granite":21,"minecraft:acacia_log":9,"minecraft:stone_brick_wall":28,"minecraft:oak_pressure_plate":3,"minecraft:coal_block":5,"minecraft:lime_stained_glass":1,"minecraft:diorite_stairs":1,"minecraft:oxeye_daisy":5,"minecraft:oak_wall_sign":8,"minecraft:spawner":1,"refurbished_furniture:spruce_chair":5,"minecraft:potted_fern":1,"minecraft:weeping_vines_plant":5,"minecraft:polished_blackstone_bricks":2,"minecraft:tall_seagrass":3,"minecraft:magma_block":1,"minecraft:dark_oak_trapdoor":3,"minecraft:cobbled_deepslate":10,"minecraft:barrel":3,"minecraft:fire":9,"minecraft:pumpkin":80,"minecraft:deepslate_lapis_ore":20,"minecraft:stripped_dark_oak_wood":4,"minecraft:cave_vines":3,"minecraft:dirt_path":3,"minecraft:quartz_slab":4,"minecraft:oak_stairs":6,"minecraft:pink_tulip":2,"minecraft:iron_block":3,"minecraft:blue_orchid":1,"refurbished_furniture:light_ceiling_light":2,"minecraft:brown_mushroom":15,"minecraft:smoker":1,"minecraft:torch":115,"minecraft:blast_furnace":3,"minecraft:melon":3,"minecraft:white_stained_glass_pane":3,"minecraft:polished_diorite_slab":3,"minecraft:glass":23,"minecraft:sugar_cane":233,"minecraft:birch_sapling":1,"minecraft:skeleton_skull":3,"minecraft:cherry_fence":12,"minecraft:wheat":631,"minecraft:lilac":4,"minecraft:pumpkin_stem":13,"minecraft:warped_fungus":3,"minecraft:potted_poppy":1,"minecraft:grass":231,"minecraft:oak_fence_gate":1,"connectedglass:clear_glass_cyan_pane":3,"minecraft:smooth_basalt":6,"minecraft:red_mushroom_block":9,"minecraft:stonecutter":3,"minecraft:yellow_stained_glass":5,"minecraft:deepslate":561,"minecraft:attached_pumpkin_stem":6,"minecraft:light_blue_stained_glass_pane":7,"connectedglass:borderless_glass_pane":12,"farmersdelight:wild_carrots":50,"minecraft:cherry_sapling":10,"minecraft:stripped_birch_log":1,"minecraft:sea_lantern":1,"minecraft:nether_bricks":28,"minecraft:dark_oak_fence":3,"minecraft:allium":4,"minecraft:spruce_fence":1,"minecraft:crimson_roots":7,"minecraft:redstone_wire":10,"minecraft:kelp":1,"minecraft:potted_bamboo":1,"minecraft:moss_block":5,"minecraft:cherry_wall_sign":1,"farmersdelight:wild_onions":7,"minecraft:redstone_ore":8,"minecraft:andesite":8,"minecraft:white_glazed_terracotta":8,"minecraft:potatoes":321,"minecraft:cobblestone_slab":9,"minecraft:rail":28,"minecraft:warped_stem":38,"minecraft:cherry_fence_gate":5,"minecraft:bone_block":25,"minecraft:pink_glazed_terracotta":14,"minecraft:potted_allium":3,"minecraft:white_wool":39,"minecraft:smithing_table":6,"minecraft:oak_slab":5,"minecraft:redstone_block":2,"minecraft:glass_pane":8,"minecraft:cherry_planks":139,"minecraft:soul_sand":8,"minecraft:potted_lily_of_the_valley":1,"minecraft:brown_carpet":3,"minecraft:stone_brick_slab":8,"minecraft:dandelion":7,"minecraft:cornflower":28,"minecraft:emerald_ore":3,"minecraft:warped_roots":5,"minecraft:campfire":4,"minecraft:copper_ore":2,"minecraft:tall_grass":35,"minecraft:deepslate_gold_ore":62,"minecraft:diorite":17,"minecraft:big_dripleaf":1,"minecraft:warped_wart_block":81,"minecraft:coarse_dirt":2,"minecraft:light_blue_bed":2,"travelersbackpack:pig":4,"minecraft:white_carpet":19,"minecraft:spruce_log":33,"minecraft:birch_leaves":5,"minecraft:gravel":106,"minecraft:cobweb":49,"minecraft:acacia_planks":2,"minecraft:stone_bricks":138,"minecraft:gold_ore":9,"minecraft:chipped_anvil":2,"minecraft:fern":1,"minecraft:spruce_planks":31,"mcwdoors:cherry_japanese_door":1,"minecraft:potted_blue_orchid":5,"minecraft:potted_cactus":3,"minecraft:cherry_trapdoor":3,"minecraft:spruce_trapdoor":12,"minecraft:cave_vines_plant":2,"refurbished_furniture:plate":7,"refurbished_furniture:cherry_desk":11,"minecraft:grass_block":564,"minecraft:soul_soil":1,"minecraft:polished_diorite":15,"minecraft:composter":4,"minecraft:gilded_blackstone":4,"minecraft:smooth_stone":14,"minecraft:raw_iron_block":5,"minecraft:glowstone":13,"minecraft:iron_ore":117,"mcwwindows:stripped_cherry_log_window2":8,"minecraft:target":1,"minecraft:azure_bluet":10,"minecraft:dark_oak_stairs":21,"minecraft:iron_bars":1,"minecraft:potted_cornflower":1,"minecraft:spruce_slab":2,"minecraft:green_bed":10,"minecraft:deepslate_redstone_ore":11,"refurbished_furniture:spruce_light_ceiling_fan":2,"minecraft:quartz_block":48,"minecraft:blackstone":62,"minecraft:magenta_wall_banner":1,"minecraft:clay":20,"minecraft:poppy":13,"minecraft:chest":8,"minecraft:mushroom_stem":5,"minecraft:nether_quartz_ore":74,"minecraft:cobblestone":108,"minecraft:grindstone":1,"minecraft:oak_planks":60,"minecraft:iron_door":1,"minecraft:wall_torch":105,"minecraft:pink_petals":24,"minecraft:seagrass":2,"minecraft:acacia_sapling":2,"minecraft:light_gray_glazed_terracotta":20,"minecraft:powered_rail":1,"minecraft:dark_oak_slab":6,"minecraft:dark_oak_door":2,"minecraft:birch_log":116,"minecraft:blue_ice":28,"minecraft:oak_log":40,"minecraft:diorite_wall":1,"minecraft:sand":496,"minecraft:dirt":1019,"minecraft:netherrack":756,"minecraft:ancient_debris":2,"minecraft:oak_leaves":19,"minecraft:diamond_ore":1,"minecraft:tuff":183,"minecraft:red_carpet":5,"minecraft:nether_gold_ore":93,"farmersdelight:onions":8,"minecraft:pink_carpet":3,"minecraft:quartz_stairs":21,"minecraft:dark_oak_leaves":1,"minecraft:deepslate_diamond_ore":25,"minecraft:stripped_cherry_log":33,"minecraft:ladder":7,"minecraft:weeping_vines":3,"minecraft:light_blue_glazed_terracotta":4,"minecraft:white_stained_glass":1,"connectedglass:clear_glass_pane":4,"minecraft:spruce_leaves":24,"minecraft:crimson_stem":10,"minecraft:hay_block":108,"minecraft:oak_trapdoor":5,"minecraft:furnace":1,"minecraft:carrots":431,"minecraft:nether_sprouts":1,"minecraft:dark_oak_fence_gate":2,"minecraft:stripped_spruce_log":3,"minecraft:peony":8,"minecraft:gold_block":2,"minecraft:nether_brick_fence":2,"minecraft:bookshelf":9,"minecraft:shroomlight":2,"minecraft:deepslate_iron_ore":302,"minecraft:lantern":24,"minecraft:packed_ice":21,"minecraft:stone":1283,"minecraft:birch_pressure_plate":9,"minecraft:podzol":14,"minecraft:flowering_azalea":1,"minecraft:basalt":18,"minecraft:oak_fence":6,"minecraft:crafting_table":1,"minecraft:honey_block":11,"minecraft:rose_bush":5,"minecraft:lectern":72,"minecraft:stone_slab":1,"minecraft:lapis_ore":1,"minecraft:sculk":1,"minecraft:blue_bed":34,"minecraft:spruce_stairs":10,"minecraft:birch_planks":118,"minecraft:cactus":21,"minecraft:sea_pickle":1,"minecraft:beehive":1,"minecraft:redstone_torch":1,"minecraft:sweet_berry_bush":14,"minecraft:ice":137,"refurbished_furniture:cherry_chair":7,"minecraft:coal_ore":218,"minecraft:cocoa":1,"minecraft:cherry_leaves":33,"minecraft:flower_pot":2,"minecraft:gray_carpet":22,"minecraft:terracotta":16,"connectedglass:clear_glass_light_blue_pane":7,"refurbished_furniture:cherry_light_ceiling_fan":4},"minecraft:killed":{"minecraft:cave_spider":5,"minecraft:skeleton":18,"minecraft:chicken":12,"minecraft:magma_cube":4,"minecraft:salmon":7,"minecraft:ender_dragon":1,"minecraft:pillager":5,"minecraft:zombie":69,"minecraft:glow_squid":4,"takesapillage:archer":1,"minecraft:cow":38,"minecraft:vindicator":1,"minecraft:horse":6,"minecraft:ravager":1,"minecraft:enderman":7,"minecraft:zombified_piglin":2,"minecraft:spider":14,"minecraft:piglin":4,"minecraft:pig":14,"minecraft:zombie_villager":1,"minecraft:creeper":1,"minecraft:sheep":18,"minecraft:blaze":12,"takesapillage:legioner":1,"minecraft:drowned":4,"minecraft:squid":15,"minecraft:wither_skeleton":7,"minecraft:villager":2},"minecraft:dropped":{"minecraft:iron_sword":3,"minecraft:lapis_lazuli":4,"minecraft:porkchop":19,"minecraft:oak_pressure_plate":2,"minecraft:cooked_beef":13,"minecraft:diamond":43,"minecraft:crafting_table":1,"minecraft:cooked_porkchop":3,"minecraft:dark_oak_slab":5,"minecraft:crossbow":4,"minecraft:warped_roots":2,"minecraft:rail":29,"minecraft:leather_helmet":3,"minecraft:red_mushroom":1,"minecraft:red_carpet":5,"minecraft:item_frame":1,"minecraft:emerald":5,"minecraft:dirt":529,"minecraft:stone_button":2,"minecraft:dark_oak_fence":7,"minecraft:black_stained_glass_pane":64,"minecraft:yellow_dye":5,"mcwwindows:cherry_plank_window2":1,"minecraft:stripped_dark_oak_wood":4,"minecraft:writable_book":5,"minecraft:wooden_sword":1,"minecraft:bone_meal":15,"minecraft:sand":1,"minecraft:iron_pickaxe":5,"minecraft:dark_oak_planks":3,"minecraft:white_wool":30,"minecraft:blue_bed":6,"minecraft:bone":10,"minecraft:stone_axe":14,"minecraft:cherry_boat":3,"minecraft:sugar_cane":210,"minecraft:ancient_debris":1,"minecraft:diamond_block":2,"minecraft:pink_bed":4,"minecraft:iron_nugget":4,"minecraft:cooked_chicken":1,"minecraft:cobbled_deepslate":454,"minecraft:nether_brick":1,"minecraft:birch_sapling":18,"minecraft:netherite_sword":3,"minecraft:pink_dye":14,"minecraft:wheat":313,"minecraft:obsidian":1,"camera:image":12,"minecraft:rotten_flesh":74,"minecraft:oak_planks":2,"minecraft:glowstone_dust":27,"mcwdoors:cherry_japanese_door":7,"refurbished_furniture:cherry_light_ceiling_fan":4,"minecraft:nether_brick_fence":1,"minecraft:azure_bluet":12,"minecraft:white_bed":5,"mcwlights:covered_wall_lantern":2,"refurbished_furniture:cherry_kitchen_storage_cabinet":2,"farmersdelight:cooked_chicken_cuts":2,"minecraft:quartz_block":5,"minecraft:honey_block":4,"minecraft:leather_boots":2,"minecraft:acacia_sapling":1,"minecraft:ladder":2,"camera:camera":2,"minecraft:painting":13,"minecraft:spruce_slab":10,"minecraft:white_dye":11,"minecraft:glass":2,"minecraft:beef":4,"minecraft:warped_wart_block":87,"minecraft:crying_obsidian":1,"minecraft:cherry_fence":1,"minecraft:lectern":30,"minecraft:egg":8,"minecraft:enchanted_book":3,"minecraft:golden_boots":1,"minecraft:iron_ingot":1,"minecraft:wheat_seeds":64,"minecraft:oak_fence":17,"minecraft:feather":10,"minecraft:cobblestone":621,"minecraft:book":20,"minecraft:coal_block":5,"minecraft:coal":14,"minecraft:golden_apple":47,"minecraft:oxeye_daisy":4,"minecraft:gray_wool":1,"minecraft:golden_carrot":66,"minecraft:wooden_hoe":1,"minecraft:wooden_axe":3,"minecraft:rose_bush":3,"minecraft:cherry_planks":505,"minecraft:potion":4,"minecraft:red_dye":1,"minecraft:smooth_stone":2,"minecraft:paper":84,"minecraft:string":15,"minecraft:spruce_sapling":14,"minecraft:beetroot_soup":1,"minecraft:stone_brick_slab":12,"refurbished_furniture:light_ceiling_light":2,"minecraft:furnace":3,"minecraft:moss_carpet":5,"connectedglass:clear_glass_black_pane":24,"minecraft:netherite_ingot":1,"minecraft:stone_sword":12,"minecraft:deepslate":2,"minecraft:green_bed":3,"camera:image_frame":4,"minecraft:diamond_hoe":1,"minecraft:stone_shovel":5,"minecraft:white_carpet":17,"minecraft:iron_boots":2,"minecraft:stone_slab":4,"minecraft:oak_sign":1,"minecraft:spruce_fence":1,"minecraft:diamond_sword":9,"minecraft:big_dripleaf":1,"minecraft:hay_block":2,"takesapillage:ravager_horn":1,"minecraft:spruce_boat":2,"minecraft:stone":66,"minecraft:flower_pot":5,"minecraft:sea_pickle":6,"minecraft:allium":11,"minecraft:spruce_planks":43,"minecraft:spruce_trapdoor":19,"minecraft:bundle":1,"minecraft:diamond_pickaxe":16,"minecraft:redstone_torch":1,"minecraft:spider_eye":7,"minecraft:barrel":2,"minecraft:stone_bricks":36,"minecraft:bamboo":1,"minecraft:light_gray_dye":2,"minecraft:birch_boat":2,"minecraft:bow":2,"refurbished_furniture:spruce_light_ceiling_fan":1,"minecraft:spruce_sign":2,"minecraft:birch_planks":11,"minecraft:soul_sand":1,"minecraft:moss_block":6,"minecraft:brown_mushroom":1,"minecraft:dark_oak_stairs":11,"minecraft:ender_pearl":15,"minecraft:lantern":98,"minecraft:leather":22,"travelersbackpack:standard":4,"minecraft:birch_slab":12,"refurbished_furniture:wrench":4,"minecraft:packed_ice":8,"minecraft:netherite_scrap":1,"minecraft:cornflower":10,"minecraft:mutton":1,"farmersdelight:onion":42,"minecraft:cauldron":1,"minecraft:gold_ingot":2,"minecraft:gravel":111,"minecraft:cherry_sapling":65,"minecraft:beehive":1,"minecraft:cooked_mutton":13,"minecraft:stone_stairs":3,"minecraft:carrot":256,"refurbished_furniture:plate":4,"minecraft:poppy":11,"minecraft:gunpowder":2,"minecraft:skeleton_skull":1,"minecraft:stone_brick_wall":15,"minecraft:glowstone":5,"minecraft:basalt":2,"minecraft:arrow":38,"minecraft:powered_rail":2,"minecraft:splash_potion":10,"minecraft:netherrack":267,"minecraft:stone_hoe":5,"minecraft:bread":24,"justhammers:diamond_hammer":1,"minecraft:oak_slab":16,"minecraft:stripped_spruce_log":2,"minecraft:golden_helmet":1,"minecraft:cherry_log":89,"minecraft:smithing_table":1,"minecraft:bookshelf":15,"minecraft:diamond_leggings":2,"minecraft:spectral_arrow":1,"connectedglass:borderless_glass_pane":3,"minecraft:spruce_stairs":1,"minecraft:cherry_fence_gate":1,"minecraft:stick":19,"connectedglass:clear_glass_pane":36,"minecraft:blue_dye":1,"farmersdelight:golden_knife":2,"minecraft:diorite":15,"minecraft:torch":42,"minecraft:iron_door":1,"tombstone:grave_dust":6,"minecraft:fire_charge":1,"farmersdelight:bacon":8,"minecraft:raw_iron_block":55,"minecraft:flowering_azalea":4,"minecraft:stonecutter":1,"minecraft:iron_axe":4,"minecraft:cactus":2,"minecraft:light_blue_stained_glass_pane":3,"mcwdoors:bamboo_glass_door":2,"minecraft:pink_petals":24,"minecraft:bucket":1,"minecraft:dandelion":18,"minecraft:smooth_basalt":6,"minecraft:polished_diorite":10,"minecraft:oak_trapdoor":8,"minecraft:coarse_dirt":8,"minecraft:blaze_rod":10,"minecraft:tuff":466,"connectedglass:clear_glass_black":4,"minecraft:raw_iron":197,"minecraft:birch_pressure_plate":3,"minecraft:comparator":1,"minecraft:ender_eye":2,"minecraft:glass_pane":14,"minecraft:shield":1,"minecraft:diamond_chestplate":2,"connectedglass:clear_glass_cyan_pane":20,"minecraft:iron_chestplate":1,"minecraft:andesite":1,"travelersbackpack:crafting_upgrade":1,"minecraft:oak_boat":10,"minecraft:oak_sapling":1,"minecraft:diamond_boots":2,"minecraft:spruce_log":3,"minecraft:raw_gold":30,"minecraft:stone_pickaxe":20,"minecraft:wooden_pickaxe":1},"minecraft:custom":{"minecraft:interact_with_crafting_table":36,"minecraft:open_barrel":52,"minecraft:eat_cake_slice":12,"minecraft:leave_game":50,"minecraft:time_since_death":1750418,"minecraft:play_time":5462600,"minecraft:deaths":6,"minecraft:jump":47245,"minecraft:enchant_item":1,"minecraft:interact_with_furnace":199,"minecraft:play_record":1,"minecraft:traded_with_villager":10,"minecraft:interact_with_cartography_table":1,"minecraft:sleep_in_bed":253,"minecraft:damage_dealt":45348,"tombstone:undead_killed":56,"minecraft:interact_with_smoker":14,"minecraft:interact_with_smithing_table":14,"minecraft:interact_with_anvil":6,"minecraft:sneak_time":135800,"minecraft:interact_with_blast_furnace":2,"minecraft:total_world_time":5462600,"tombstone:raider_killed":5,"minecraft:tune_noteblock":1,"minecraft:interact_with_stonecutter":3,"minecraft:time_since_rest":114739,"minecraft:swim_one_cm":748919,"minecraft:fly_one_cm":5792787,"minecraft:open_chest":1040,"minecraft:fall_one_cm":672219,"minecraft:animals_bred":21,"minecraft:sprint_one_cm":8381903,"minecraft:drop":1196,"minecraft:play_noteblock":1,"minecraft:talked_to_villager":394,"minecraft:interact_with_brewingstand":6,"minecraft:walk_on_water_one_cm":584516,"minecraft:interact_with_loom":2,"minecraft:player_kills":1,"minecraft:crouch_one_cm":296461,"minecraft:mob_kills":278,"minecraft:interact_with_campfire":12,"minecraft:climb_one_cm":30331,"minecraft:walk_one_cm":14080425,"minecraft:raid_win":1,"minecraft:walk_under_water_one_cm":486073,"minecraft:boat_one_cm":1486076,"minecraft:pot_flower":7,"minecraft:interact_with_grindstone":2,"minecraft:damage_taken":27833,"minecraft:trigger_trapped_chest":7,"minecraft:minecart_one_cm":908603},"minecraft:crafted":{"minecraft:black_dye":36,"minecraft:oak_sign":9,"minecraft:pink_bed":2,"minecraft:birch_boat":2,"minecraft:birch_slab":12,"minecraft:cooked_mutton":20,"minecraft:quartz_block":8,"minecraft:glass":304,"minecraft:light_blue_terracotta":8,"minecraft:netherite_boots":1,"minecraft:white_glazed_terracotta":5,"minecraft:chiseled_quartz_block":2,"minecraft:magenta_dye":11,"minecraft:cooked_rabbit":3,"minecraft:wooden_shovel":3,"minecraft:emerald":8,"minecraft:cooked_porkchop":15,"farmersdelight:iron_knife":1,"minecraft:glow_item_frame":26,"minecraft:painting":4,"minecraft:lectern":14,"farmersdelight:golden_knife":1,"minecraft:wooden_hoe":2,"minecraft:cherry_sign":3,"minecraft:light_blue_bed":1,"minecraft:white_terracotta":8,"minecraft:gold_ingot":1,"minecraft:light_gray_dye":11,"minecraft:magenta_wool":1,"minecraft:stone_shovel":13,"connectedglass:clear_glass_black":4,"farmersdelight:beef_stew":7,"travelersbackpack:pig":1,"connectedglass:borderless_glass_black_pane":96,"minecraft:bone_meal":69,"minecraft:pink_dye":27,"minecraft:terracotta":51,"minecraft:spruce_slab":24,"minecraft:stone_pickaxe":30,"minecraft:spruce_boat":5,"minecraft:wheat":1287,"minecraft:light_gray_terracotta":16,"minecraft:netherite_pickaxe":1,"minecraft:light_blue_glazed_terracotta":8,"minecraft:light_blue_wool":1,"minecraft:enchanted_book":2,"minecraft:wooden_axe":4,"minecraft:black_stained_glass_pane":160,"minecraft:white_bed":9,"farmersdelight:diamond_knife":1,"minecraft:light_gray_glazed_terracotta":8,"connectedglass:borderless_glass_black":4,"connectedglass:clear_glass_pane":300,"minecraft:pink_terracotta":8,"minecraft:oak_planks":132,"minecraft:barrel":1,"minecraft:cherry_slab":36,"minecraft:cooked_chicken":6,"minecraft:cherry_boat":3,"minecraft:stone":173,"minecraft:pink_carpet":9,"minecraft:green_dye":12,"minecraft:stone_brick_slab":18,"minecraft:chest":42,"minecraft:netherite_helmet":1,"minecraft:stone_hoe":2,"minecraft:cherry_fence":6,"minecraft:oak_slab":18,"minecraft:item_frame":16,"minecraft:crafting_table":4,"minecraft:spruce_planks":92,"minecraft:baked_potato":34,"minecraft:wooden_pickaxe":1,"minecraft:brown_dye":3,"minecraft:birch_pressure_plate":4,"minecraft:red_wool":1,"minecraft:birch_planks":476,"minecraft:pumpkin_seeds":48,"minecraft:paper":234,"minecraft:pink_wool":6,"minecraft:yellow_dye":5,"minecraft:stick":224,"minecraft:light_blue_dye":5,"minecraft:iron_ingot":280,"minecraft:stone_sword":9,"minecraft:cherry_planks":1800,"minecraft:wooden_sword":1,"connectedglass:clear_glass_black_pane":96,"minecraft:netherite_sword":1,"minecraft:furnace":2,"connectedglass:clear_glass_light_blue_pane":8,"minecraft:glass_pane":336,"connectedglass:clear_glass_cyan_pane":128,"minecraft:netherite_chestplate":1,"minecraft:netherite_leggings":1,"minecraft:pink_glazed_terracotta":8,"minecraft:cherry_fence_gate":1,"minecraft:cooked_beef":21,"minecraft:red_dye":2,"minecraft:crimson_planks":40,"minecraft:light_blue_stained_glass_pane":8,"minecraft:cyan_dye":18,"travelersbackpack:backpack_tank":2,"minecraft:bowl":24,"minecraft:cooked_salmon":1,"connectedglass:borderless_glass_pane":312,"minecraft:stone_axe":13,"minecraft:bread":439,"minecraft:black_stained_glass":64,"minecraft:blue_dye":23,"minecraft:oak_boat":3,"minecraft:white_dye":27,"minecraft:acacia_planks":36,"minecraft:torch":304,"minecraft:clay":51},"minecraft:picked_up":{"minecraft:wooden_axe":4,"minecraft:iron_chestplate":7,"minecraft:flower_pot":27,"minecraft:lead":3,"minecraft:smithing_table":6,"minecraft:stone_slab":4,"minecraft:diamond_sword":11,"minecraft:enchanted_book":4,"mcwdoors:cherry_japanese_door":9,"camera:camera":3,"minecraft:string":103,"minecraft:soul_soil":1,"minecraft:cooked_salmon":12,"minecraft:shroomlight":1,"minecraft:cherry_boat":10,"minecraft:diamond_leggings":3,"minecraft:gold_nugget":297,"minecraft:cobbled_deepslate":1340,"minecraft:spruce_planks":64,"minecraft:netherite_upgrade_smithing_template":1,"connectedglass:clear_glass_black":4,"minecraft:melon_slice":16,"minecraft:coal_block":26,"minecraft:golden_helmet":4,"minecraft:white_glazed_terracotta":8,"minecraft:beehive":1,"minecraft:composter":4,"minecraft:big_dripleaf":1,"minecraft:green_bed":10,"minecraft:acacia_log":9,"minecraft:pink_carpet":14,"minecraft:cherry_log":757,"connectedglass:borderless_glass_black_pane":3,"minecraft:cauldron":1,"farmersdelight:melon_popsicle":1,"minecraft:stone_sword":33,"farmersdelight:onion":81,"minecraft:iron_block":32,"minecraft:glowstone":5,"minecraft:bookshelf":35,"minecraft:blaze_rod":10,"minecraft:iron_bars":2,"minecraft:snowball":16,"minecraft:birch_log":111,"minecraft:magma_block":2,"minecraft:feather":16,"minecraft:cooked_beef":38,"minecraft:iron_door":1,"minecraft:brown_wool":1,"minecraft:smoker":2,"refurbished_furniture:cherry_kitchen_storage_cabinet":2,"farmersdelight:bacon":8,"minecraft:flint":4,"minecraft:cherry_fence":12,"farmersdelight:cooked_bacon":2,"minecraft:cherry_door":1,"minecraft:lantern":120,"minecraft:chipped_anvil":2,"refurbished_furniture:spruce_light_ceiling_fan":4,"mcwwindows:birch_window":6,"minecraft:stonecutter":3,"minecraft:rabbit":4,"minecraft:diamond_helmet":2,"minecraft:glowstone_dust":27,"minecraft:moss_block":6,"minecraft:warped_wart_block":174,"automobility:automobile_engine":1,"minecraft:stripped_spruce_log":2,"minecraft:ink_sac":36,"minecraft:barrel":4,"minecraft:bundle":1,"minecraft:deepslate":18,"minecraft:writable_book":5,"minecraft:deepslate_gold_ore":1,"minecraft:granite":5,"minecraft:bread":259,"minecraft:dark_oak_fence":7,"minecraft:bricks":8,"minecraft:crimson_roots":6,"minecraft:diamond_pickaxe":19,"minecraft:crafting_table":1,"minecraft:coarse_dirt":10,"minecraft:clay_ball":131,"refurbished_furniture:wrench":4,"minecraft:stripped_cherry_log":32,"minecraft:cornflower":34,"camera:image_frame":8,"minecraft:netherite_scrap":1,"minecraft:white_carpet":51,"minecraft:iron_shovel":1,"travelersbackpack:pig":5,"minecraft:netherite_sword":3,"minecraft:beef":87,"minecraft:iron_nugget":2,"minecraft:poppy":25,"minecraft:spruce_slab":9,"minecraft:minecart":13,"minecraft:quartz_stairs":16,"minecraft:chest":8,"minecraft:birch_sapling":20,"minecraft:diamond_hoe":6,"minecraft:egg":56,"minecraft:stone":4,"minecraft:raw_gold_block":13,"minecraft:glow_item_frame":4,"mob_catcher:diamond_mob_catcher":1,"minecraft:spruce_fence":1,"minecraft:fire_charge":1,"minecraft:white_dye":5,"minecraft:carrot":2304,"minecraft:redstone":260,"minecraft:stone_shovel":15,"minecraft:diamond_chestplate":3,"farmersdelight:cooked_chicken_cuts":11,"minecraft:peony":7,"minecraft:diamond_boots":3,"minecraft:hay_block":91,"farmersdelight:beef_stew":1,"minecraft:gold_ingot":8,"minecraft:mutton":38,"minecraft:white_wool":80,"minecraft:bone_block":17,"minecraft:rail":38,"minecraft:oxeye_daisy":7,"minecraft:clock":1,"minecraft:red_mushroom":6,"minecraft:oak_log":35,"minecraft:ancient_debris":3,"minecraft:blue_bed":42,"minecraft:paper":2,"minecraft:birch_pressure_plate":9,"minecraft:apple":11,"minecraft:stone_bricks":141,"travelersbackpack:cake":1,"minecraft:light_gray_glazed_terracotta":20,"minecraft:warped_stem":34,"minecraft:stone_pickaxe":26,"minecraft:iron_ore":2,"minecraft:cherry_sign":1,"tombstone:bag_of_seeds":1,"minecraft:iron_sword":7,"minecraft:flowering_azalea":4,"minecraft:dark_oak_stairs":11,"minecraft:smooth_basalt":6,"minecraft:dark_oak_slab":10,"minecraft:sweet_berries":12,"minecraft:light_blue_glazed_terracotta":4,"minecraft:gravel":117,"minecraft:spruce_sapling":17,"minecraft:spruce_log":26,"minecraft:crying_obsidian":1,"justhammers:diamond_hammer":2,"minecraft:leather_helmet":3,"travelersbackpack:standard":5,"minecraft:polished_diorite":13,"minecraft:stone_axe":23,"mcwlights:framed_torch":3,"minecraft:diamond_axe":4,"minecraft:painting":149,"minecraft:gray_wool":1,"minecraft:warped_roots":9,"minecraft:baked_potato":41,"minecraft:warped_nylium":3,"minecraft:ender_pearl":15,"minecraft:wheat":776,"minecraft:redstone_block":21,"minecraft:nether_brick_fence":2,"mcwlights:covered_wall_lantern":6,"minecraft:potion":4,"minecraft:gilded_blackstone":3,"minecraft:nether_brick":1,"refurbished_furniture:plate":17,"minecraft:raw_copper":23,"minecraft:iron_leggings":3,"minecraft:netherite_ingot":2,"minecraft:experience_bottle":2,"minecraft:oak_sign":13,"minecraft:sea_pickle":6,"minecraft:smooth_stone":14,"minecraft:comparator":1,"minecraft:bucket":8,"minecraft:rose_bush":7,"minecraft:redstone_torch":1,"minecraft:ender_eye":34,"minecraft:iron_pickaxe":9,"minecraft:deepslate_iron_ore":9,"minecraft:iron_boots":6,"minecraft:furnace":6,"minecraft:stick":225,"minecraft:oak_fence":27,"minecraft:torch":382,"minecraft:spruce_stairs":5,"minecraft:porkchop":50,"tombstone:grave_dust":14,"minecraft:diorite":29,"travelersbackpack:crafting_upgrade":1,"mcwwindows:stripped_cherry_log_window2":8,"refurbished_furniture:doorbell":1,"minecraft:quartz_block":49,"minecraft:nether_gold_ore":56,"minecraft:cactus":35,"minecraft:rotten_flesh":131,"mcwwindows:cherry_plank_window2":1,"minecraft:obsidian":29,"minecraft:cobblestone":1427,"minecraft:nautilus_shell":1,"minecraft:enchanting_table":2,"minecraft:pink_petals":88,"minecraft:lilac":3,"minecraft:magma_cream":1,"minecraft:cherry_planks":449,"minecraft:warped_fungus_on_a_stick":1,"minecraft:andesite":29,"minecraft:golden_leggings":2,"minecraft:potato":1457,"minecraft:tuff":645,"minecraft:light_gray_dye":8,"minecraft:lapis_lazuli":269,"minecraft:dirt":1858,"minecraft:stripped_birch_log":1,"minecraft:name_tag":2,"minecraft:leather_boots":2,"minecraft:bone":38,"minecraft:acacia_planks":3,"minecraft:bow":3,"minecraft:wheat_seeds":2548,"minecraft:raw_gold":238,"minecraft:grindstone":1,"minecraft:powered_rail":2,"minecraft:bamboo":1,"camera:image":14,"minecraft:oak_planks":54,"minecraft:stone_hoe":9,"minecraft:cooked_porkchop":4,"minecraft:oak_pressure_plate":4,"minecraft:poisonous_potato":7,"justhammers:iron_hammer":1,"minecraft:black_stained_glass_pane":3,"minecraft:sand":622,"mcwdoors:bamboo_glass_door":2,"connectedglass:clear_glass_black_pane":35,"minecraft:diamond_block":6,"minecraft:spectral_arrow":1,"minecraft:sugar":1,"minecraft:diamond":321,"minecraft:spruce_boat":7,"minecraft:cracked_polished_blackstone_bricks":1,"minecraft:crossbow":5,"minecraft:bone_meal":17,"minecraft:golden_apple":8,"minecraft:spruce_sign":2,"minecraft:emerald":81,"minecraft:oak_sapling":3,"minecraft:netherrack":577,"minecraft:cocoa_beans":3,"minecraft:charcoal":16,"minecraft:allium":25,"minecraft:azure_bluet":24,"minecraft:splash_potion":5,"minecraft:chicken":13,"minecraft:ladder":7,"refurbished_furniture:cherry_chair":8,"minecraft:rabbit_stew":6,"minecraft:brown_mushroom":16,"minecraft:packed_ice":8,"minecraft:wooden_pickaxe":2,"minecraft:stone_brick_wall":20,"minecraft:cooked_rabbit":1,"minecraft:gold_block":2,"minecraft:shield":3,"minecraft:oak_trapdoor":8,"minecraft:stone_stairs":3,"minecraft:moss_carpet":5,"minecraft:iron_axe":5,"minecraft:wooden_sword":1,"minecraft:item_frame":33,"minecraft:quartz_slab":4,"takesapillage:ravager_horn":1,"minecraft:blackstone":116,"minecraft:blue_orchid":6,"minecraft:oak_boat":37,"refurbished_furniture:light_electricity_generator":1,"minecraft:lectern":95,"minecraft:sugar_cane":607,"farmersdelight:golden_knife":3,"minecraft:spruce_trapdoor":35,"minecraft:raw_iron":621,"minecraft:end_stone":2,"minecraft:copper_ingot":67,"minecraft:stone_button":2,"minecraft:cookie":2,"minecraft:light_blue_bed":3,"minecraft:dark_oak_planks":7,"minecraft:cherry_fence_gate":5,"minecraft:arrow":50,"minecraft:weeping_vines":4,"minecraft:light_blue_stained_glass_pane":2,"minecraft:pumpkin_pie":4,"minecraft:pink_glazed_terracotta":14,"minecraft:stripped_dark_oak_wood":5,"minecraft:pink_tulip":2,"minecraft:saddle":1,"refurbished_furniture:cherry_light_ceiling_fan":6,"minecraft:skeleton_skull":4,"minecraft:basalt":8,"minecraft:golden_carrot":162,"minecraft:glow_ink_sac":68,"minecraft:crimson_stem":10,"minecraft:salmon":6,"minecraft:leather":57,"minecraft:birch_planks":120,"minecraft:gunpowder":4,"minecraft:wooden_hoe":1,"minecraft:cooked_mutton":34,"minecraft:red_carpet":5,"minecraft:gray_carpet":22,"minecraft:iron_ingot":23,"minecraft:cooked_chicken":5,"minecraft:acacia_sapling":5,"minecraft:soul_sand":33,"minecraft:book":110,"minecraft:oak_slab":6,"minecraft:pink_bed":34,"minecraft:warped_fungus":2,"refurbished_furniture:cherry_desk":8,"minecraft:nether_quartz_ore":17,"minecraft:pumpkin":81,"minecraft:stone_brick_slab":7,"minecraft:quartz":148,"minecraft:dandelion":23,"minecraft:raw_iron_block":57,"minecraft:lava_bucket":5,"refurbished_furniture:light_ceiling_light":4,"minecraft:blast_furnace":4,"minecraft:white_bed":32,"minecraft:spider_eye":9,"minecraft:pumpkin_seeds":29,"minecraft:honey_block":10,"minecraft:iron_helmet":3,"minecraft:cherry_sapling":355,"refurbished_furniture:spruce_chair":5,"minecraft:terracotta":16,"minecraft:coal":380},"minecraft:used":{"minecraft:poppy":10,"minecraft:chest":43,"minecraft:stone":1,"minecraft:quartz_stairs":3,"refurbished_furniture:doorbell":1,"mob_catcher:diamond_mob_catcher":11,"minecraft:soul_sand":4,"minecraft:acacia_sapling":4,"minecraft:snowball":16,"minecraft:spruce_boat":9,"minecraft:honey_block":15,"minecraft:lava_bucket":1,"farmersdelight:melon_popsicle":1,"minecraft:quartz_block":35,"minecraft:birch_sapling":2,"refurbished_furniture:spruce_chair":4,"minecraft:rabbit_stew":3,"minecraft:sweet_berries":5,"minecraft:oak_sapling":1,"minecraft:furnace":3,"refurbished_furniture:cherry_desk":8,"minecraft:egg":41,"minecraft:potato":515,"farmersdelight:beef_stew":1,"minecraft:cactus":10,"minecraft:wooden_pickaxe":104,"minecraft:blackstone":6,"minecraft:composter":4,"minecraft:cookie":12,"minecraft:glow_berries":1,"minecraft:sand":72,"minecraft:blast_furnace":3,"minecraft:pumpkin_seeds":40,"minecraft:lectern":79,"minecraft:white_glazed_terracotta":8,"minecraft:cherry_sign":1,"minecraft:oak_pressure_plate":2,"minecraft:diamond_sword":445,"minecraft:wooden_sword":61,"minecraft:smithing_table":5,"minecraft:oak_boat":23,"camera:image_frame":3,"minecraft:enchanting_table":2,"minecraft:stone_sword":1109,"minecraft:cooked_salmon":1,"refurbished_furniture:cherry_chair":8,"refurbished_furniture:cherry_light_ceiling_fan":2,"minecraft:torch":544,"minecraft:netherrack":38,"minecraft:warped_wart_block":6,"minecraft:light_gray_glazed_terracotta":20,"minecraft:polished_diorite":3,"minecraft:chipped_anvil":2,"minecraft:iron_axe":322,"connectedglass:clear_glass_cyan_pane":121,"minecraft:cherry_fence_gate":3,"minecraft:barrel":2,"minecraft:basalt":2,"minecraft:cherry_fence":11,"tombstone:gift":4,"minecraft:cherry_log":230,"minecraft:cobbled_deepslate":177,"minecraft:acacia_planks":19,"minecraft:wheat_seeds":671,"minecraft:water_bucket":60,"refurbished_furniture:plate":5,"minecraft:light_blue_glazed_terracotta":4,"minecraft:birch_planks":792,"minecraft:cherry_planks":325,"minecraft:rail":7,"justhammers:diamond_hammer":1165,"minecraft:crafting_table":4,"minecraft:oak_slab":4,"minecraft:white_bed":32,"mcwdoors:cherry_japanese_door":2,"justhammers:iron_hammer":82,"minecraft:diamond_pickaxe":1356,"minecraft:ender_eye":26,"minecraft:iron_pickaxe":382,"minecraft:spruce_trapdoor":14,"minecraft:pink_bed":32,"farmersdelight:cooked_bacon":1,"minecraft:cobblestone":298,"travelersbackpack:standard":2,"minecraft:cooked_porkchop":4,"minecraft:glass_pane":2,"minecraft:cherry_sapling":68,"minecraft:light_blue_stained_glass_pane":7,"minecraft:iron_shovel":49,"minecraft:oak_sign":18,"minecraft:diamond_hoe":1010,"minecraft:bone_block":17,"minecraft:iron_sword":282,"minecraft:iron_chestplate":3,"minecraft:birch_pressure_plate":10,"travelersbackpack:pig":5,"minecraft:carrot":758,"minecraft:tuff":2,"minecraft:music_disc_13":1,"minecraft:glass":21,"minecraft:lantern":8,"minecraft:blue_orchid":2,"minecraft:iron_helmet":4,"minecraft:light_blue_bed":4,"minecraft:crimson_roots":12,"connectedglass:borderless_glass_pane":12,"minecraft:stone_bricks":69,"minecraft:item_frame":30,"minecraft:hay_block":4,"minecraft:stone_pickaxe":3598,"minecraft:oak_planks":45,"minecraft:sugar_cane":137,"minecraft:diamond_axe":306,"minecraft:blue_bed":34,"minecraft:white_wool":15,"minecraft:stone_brick_wall":1,"farmersdelight:cooked_chicken_cuts":2,"minecraft:bread":431,"minecraft:gravel":6,"minecraft:golden_helmet":1,"minecraft:grindstone":1,"minecraft:cooked_rabbit":2,"minecraft:andesite":1,"minecraft:stripped_cherry_log":12,"minecraft:bone_meal":4,"minecraft:netherite_sword":188,"minecraft:cherry_boat":10,"minecraft:experience_bottle":2,"minecraft:stone_shovel":1653,"minecraft:spruce_planks":23,"minecraft:wooden_shovel":202,"minecraft:stone_hoe":131,"minecraft:cooked_chicken":3,"minecraft:dirt":969,"minecraft:white_carpet":20,"minecraft:spruce_stairs":1,"minecraft:pink_carpet":10,"minecraft:granite":1,"minecraft:wooden_axe":378,"minecraft:stone_brick_slab":14,"minecraft:iron_boots":4,"minecraft:golden_carrot":119,"refurbished_furniture:spruce_light_ceiling_fan":3,"connectedglass:clear_glass_black_pane":108,"minecraft:netherite_pickaxe":5,"minecraft:minecart":16,"minecraft:cooked_beef":14,"minecraft:pumpkin":12,"minecraft:iron_leggings":4,"minecraft:cooked_mutton":12,"minecraft:pink_glazed_terracotta":14,"minecraft:baked_potato":44,"minecraft:stonecutter":1,"minecraft:green_bed":5,"minecraft:glow_item_frame":29,"farmersdelight:onion":1,"minecraft:terracotta":18,"minecraft:painting":147,"minecraft:smoker":1,"tombstone:bag_of_seeds":2,"minecraft:wooden_hoe":91,"minecraft:flower_pot":8,"minecraft:apple":7,"refurbished_furniture:light_ceiling_light":2,"connectedglass:clear_glass_light_blue_pane":7,"refurbished_furniture:light_electricity_generator":1,"minecraft:stone_axe":1558,"minecraft:pink_petals":59,"minecraft:bucket":56,"minecraft:pumpkin_pie":4,"minecraft:smooth_stone":7,"minecraft:splash_potion":6},"minecraft:broken":{"minecraft:wooden_shovel":2,"minecraft:diamond_helmet":1,"minecraft:iron_boots":1,"minecraft:iron_chestplate":1,"minecraft:iron_leggings":1,"minecraft:wooden_sword":1,"minecraft:iron_sword":1,"minecraft:stone_sword":3,"minecraft:stone_hoe":1,"minecraft:wooden_pickaxe":2,"minecraft:iron_helmet":1,"minecraft:wooden_hoe":1,"minecraft:golden_helmet":1,"minecraft:stone_pickaxe":24,"minecraft:stone_axe":11,"minecraft:wooden_axe":3,"minecraft:stone_shovel":12}},"DataVersion":3465}