{"stats":{"minecraft:used":{"minecraft:torch":1,"minecraft:cooked_mutton":2,"minecraft:bread":2,"camera:image_frame":1},"minecraft:picked_up":{"camera:image_frame":2,"minecraft:oak_slab":1,"minecraft:crafting_table":1,"minecraft:torch":1,"minecraft:stone_pickaxe":1,"minecraft:oak_log":1,"camera:image":1,"minecraft:dirt":7,"minecraft:cobblestone":55},"minecraft:crafted":{"minecraft:oak_planks":4,"minecraft:stick":8},"minecraft:mined":{"minecraft:oak_slab":1,"minecraft:oak_log":1},"minecraft:dropped":{"camera:image_frame":1},"minecraft:custom":{"minecraft:open_barrel":1,"minecraft:time_since_rest":20428,"minecraft:crouch_one_cm":225,"minecraft:play_time":20428,"minecraft:sprint_one_cm":11451,"minecraft:damage_taken":370,"minecraft:walk_one_cm":137424,"minecraft:sneak_time":105,"minecraft:walk_under_water_one_cm":587,"minecraft:drop":1,"minecraft:jump":218,"minecraft:damage_dealt":30,"minecraft:leave_game":2,"minecraft:time_since_death":20428,"minecraft:walk_on_water_one_cm":3286,"minecraft:total_world_time":20428,"minecraft:interact_with_crafting_table":2,"minecraft:fall_one_cm":5461,"minecraft:fly_one_cm":4646}},"DataVersion":3465}