{"stats":{"minecraft:picked_up":{"minecraft:wooden_axe":3,"minecraft:iron_chestplate":18,"minecraft:anvil":5,"minecraft:flower_pot":5,"minecraft:smithing_table":51,"minecraft:lead":3,"minecraft:diamond_sword":3,"minecraft:enchanted_book":8,"mcwdoors:cherry_japanese_door":9,"camera:camera":1,"minecraft:golden_sword":4,"connectedglass:borderless_glass_pane":3,"minecraft:string":159,"minecraft:cooked_salmon":1,"minecraft:beetroot_soup":1,"minecraft:cherry_boat":27,"minecraft:gold_nugget":1298,"minecraft:cobbled_deepslate":562,"minecraft:spruce_planks":188,"minecraft:coal_block":24,"minecraft:dark_oak_door":3,"minecraft:golden_helmet":6,"minecraft:jukebox":1,"minecraft:composter":17,"minecraft:big_dripleaf":3,"minecraft:green_bed":4,"minecraft:pink_carpet":57,"minecraft:cherry_log":550,"minecraft:cauldron":4,"refurbished_furniture:pink_stool":4,"farmersdelight:melon_popsicle":1,"minecraft:stone_sword":5,"refurbished_furniture:light_lightswitch":2,"farmersdelight:onion":9,"minecraft:iron_block":12,"minecraft:glowstone":36,"minecraft:bookshelf":35,"minecraft:blaze_rod":72,"minecraft:snowball":112,"minecraft:birch_log":335,"minecraft:water_bucket":2,"minecraft:birch_slab":41,"minecraft:polished_diorite_slab":3,"minecraft:feather":6,"minecraft:cooked_beef":42,"farmersdelight:rice":11,"minecraft:iron_door":1,"minecraft:cherry_leaves":2,"minecraft:smoker":2,"refurbished_furniture:cherry_kitchen_storage_cabinet":17,"farmersdelight:bacon":6,"minecraft:flint":31,"additional_lights:fire_for_standing_torch_s":3,"minecraft:cherry_fence":11,"farmersdelight:cooked_bacon":5,"minecraft:cherry_door":19,"minecraft:lantern":122,"minecraft:zombie_villager_spawn_egg":1,"minecraft:chipped_anvil":1,"refurbished_furniture:spruce_light_ceiling_fan":6,"mcwwindows:birch_window":15,"minecraft:stonecutter":20,"minecraft:glowstone_dust":159,"minecraft:moss_block":10,"simplefarming:radish_seeds":2,"automobility:automobile_engine":1,"minecraft:stripped_spruce_log":4,"minecraft:barrel":7,"minecraft:bundle":2,"refurbished_furniture:dark_oak_chair":1,"minecraft:iron_hoe":2,"refurbished_furniture:pink_sofa":13,"minecraft:deepslate":9,"minecraft:granite":20,"minecraft:bread":82,"minecraft:cherry_slab":6,"mcwdoors:cherry_glass_door":9,"minecraft:bricks":3,"minecraft:crimson_roots":19,"minecraft:diamond_pickaxe":31,"minecraft:mud":1,"minecraft:crafting_table":27,"minecraft:nether_wart":58,"minecraft:clay_ball":324,"refurbished_furniture:wrench":4,"minecraft:stripped_cherry_log":47,"minecraft:cornflower":6,"camera:image_frame":21,"minecraft:flint_and_steel":2,"minecraft:white_carpet":46,"minecraft:iron_shovel":4,"travelersbackpack:pig":3,"minecraft:glass_pane":14,"minecraft:deepslate_diamond_ore":4,"minecraft:beef":18,"minecraft:iron_nugget":22,"minecraft:poppy":11,"minecraft:spruce_slab":3,"minecraft:minecart":48,"minecraft:quartz_stairs":7,"minecraft:chest":20,"minecraft:birch_sapling":86,"minecraft:diamond_hoe":5,"minecraft:egg":50,"connectedglass:clear_glass_pane":36,"minecraft:stone":247,"minecraft:raw_gold_block":13,"minecraft:oak_door":3,"minecraft:glow_item_frame":3,"mcwwindows:spruce_window":1,"minecraft:spruce_fence":5,"minecraft:fire_charge":9,"minecraft:white_dye":11,"minecraft:cake":1,"minecraft:carrot":2169,"minecraft:redstone":556,"minecraft:tnt":6,"minecraft:stone_shovel":1,"farmersdelight:cooked_chicken_cuts":4,"minecraft:peony":13,"minecraft:diamond_boots":4,"minecraft:hay_block":206,"minecraft:gold_ingot":104,"farmersdelight:beef_stew":7,"minecraft:glow_berries":6,"minecraft:mutton":19,"minecraft:white_wool":126,"minecraft:bone_block":73,"minecraft:rail":293,"minecraft:oxeye_daisy":2,"minecraft:birch_leaves":9,"refurbished_furniture:oak_desk":5,"minecraft:tripwire_hook":1,"minecraft:yellow_dye":5,"minecraft:red_mushroom":40,"minecraft:oak_log":238,"minecraft:ancient_debris":21,"minecraft:blue_bed":68,"minecraft:diorite_stairs":2,"minecraft:paper":89,"minecraft:white_banner":13,"simplefarming:grape_seeds":3,"minecraft:birch_pressure_plate":8,"travelersbackpack:cake":1,"minecraft:apple":7,"minecraft:stone_bricks":618,"farmersdelight:cooking_pot":1,"mcwwindows:birch_pane_window":10,"minecraft:stone_pickaxe":16,"tombstone:bag_of_seeds":1,"minecraft:iron_sword":9,"minecraft:flowering_azalea":1,"travelersbackpack:blank_upgrade":2,"minecraft:dark_oak_stairs":5,"minecraft:sweet_berries":2,"minecraft:gravel":89,"refurbished_furniture:workbench":3,"minecraft:spruce_sapling":18,"minecraft:spruce_log":124,"minecraft:crying_obsidian":16,"mcwwindows:cherry_plank_parapet":2,"minecraft:leather_helmet":1,"travelersbackpack:standard":3,"minecraft:polished_diorite":1,"minecraft:stone_axe":4,"mcwlights:framed_torch":7,"minecraft:diamond_axe":3,"minecraft:painting":243,"minecraft:gray_wool":3,"minecraft:baked_potato":62,"minecraft:melon_seeds":2,"minecraft:pink_dye":15,"minecraft:ender_pearl":7,"minecraft:wheat":854,"minecraft:redstone_block":2,"minecraft:nether_brick_fence":38,"mcwlights:covered_wall_lantern":13,"minecraft:potion":11,"minecraft:nether_brick":20,"minecraft:stone_brick_stairs":5,"refurbished_furniture:plate":20,"mcwwindows:cherry_louvered_shutter":8,"minecraft:raw_copper":82,"minecraft:cherry_pressure_plate":1,"minecraft:iron_leggings":14,"minecraft:armor_stand":15,"minecraft:experience_bottle":6,"minecraft:zombie_head":2,"minecraft:oak_sign":30,"minecraft:smooth_stone":8,"minecraft:bucket":4,"minecraft:red_dye":1,"minecraft:redstone_torch":1,"minecraft:cobblestone_slab":7,"minecraft:azalea":3,"minecraft:iron_pickaxe":6,"minecraft:iron_boots":19,"minecraft:furnace":19,"minecraft:stick":391,"minecraft:oak_fence":89,"minecraft:torch":508,"minecraft:spruce_stairs":12,"minecraft:porkchop":40,"tombstone:grave_dust":14,"minecraft:diorite":69,"travelersbackpack:crafting_upgrade":1,"mcwwindows:stripped_cherry_log_window2":1,"refurbished_furniture:doorbell":1,"minecraft:quartz_block":14,"minecraft:cactus":9,"minecraft:rotten_flesh":172,"mcwwindows:cherry_plank_window2":10,"minecraft:obsidian":19,"minecraft:cobblestone":3495,"minecraft:pink_petals":3,"minecraft:leather_chestplate":1,"minecraft:magma_cream":1,"minecraft:cherry_planks":1200,"minecraft:andesite":68,"minecraft:golden_leggings":6,"minecraft:potato":1101,"minecraft:tuff":541,"minecraft:wither_skeleton_skull":1,"minecraft:lapis_lazuli":481,"minecraft:dirt":2350,"minecraft:name_tag":4,"minecraft:leather_boots":3,"minecraft:glass":2,"minecraft:bone":89,"minecraft:acacia_planks":4,"minecraft:bow":9,"minecraft:wheat_seeds":1669,"minecraft:raw_gold":279,"minecraft:bell":2,"minecraft:grindstone":5,"camera:image":29,"minecraft:powered_rail":2,"minecraft:oak_planks":144,"minecraft:stone_hoe":1,"minecraft:cooked_porkchop":1,"minecraft:music_disc_13":3,"mcwdoors:cherry_western_door":3,"minecraft:oak_pressure_plate":2,"minecraft:poisonous_potato":6,"mcwwindows:cherry_blinds":16,"minecraft:black_stained_glass_pane":64,"minecraft:sand":40,"minecraft:jungle_planks":4,"mcwdoors:bamboo_glass_door":3,"minecraft:grass_block":2,"minecraft:diamond_block":20,"minecraft:spectral_arrow":30,"minecraft:diamond":85,"minecraft:spruce_boat":11,"minecraft:soul_lantern":1,"minecraft:crossbow":1,"minecraft:bone_meal":20,"minecraft:golden_apple":50,"minecraft:spruce_sign":3,"minecraft:emerald":660,"minecraft:oak_sapling":70,"minecraft:netherrack":2353,"simplefarming:pea_seeds":2,"minecraft:splash_potion":14,"minecraft:allium":17,"minecraft:chicken":2,"minecraft:ladder":3,"minecraft:rabbit_stew":1,"mcwdoors:cherry_japanese2_door":4,"refurbished_furniture:oak_table":6,"refurbished_furniture:light_fridge":8,"minecraft:packed_ice":8,"minecraft:brown_mushroom":14,"minecraft:stone_brick_wall":54,"minecraft:shield":7,"minecraft:brick":37,"minecraft:moss_carpet":3,"minecraft:stone_stairs":36,"minecraft:iron_axe":9,"minecraft:item_frame":20,"takesapillage:ravager_horn":1,"minecraft:blackstone":251,"minecraft:blue_orchid":2,"minecraft:oak_boat":74,"refurbished_furniture:light_electricity_generator":2,"minecraft:light_gray_wool":2,"minecraft:lectern":185,"minecraft:sugar_cane":529,"farmersdelight:golden_knife":3,"minecraft:spruce_trapdoor":198,"minecraft:cherry_trapdoor":21,"minecraft:raw_iron":1228,"minecraft:copper_ingot":56,"automobility:automobile_assembler":5,"minecraft:stone_button":5,"minecraft:cookie":5,"minecraft:light_blue_bed":4,"minecraft:dark_oak_planks":5,"minecraft:cherry_fence_gate":5,"minecraft:arrow":146,"minecraft:light_blue_stained_glass_pane":1,"minecraft:nether_bricks":62,"mcwwindows:cherry_shutter":15,"refurbished_furniture:cherry_light_ceiling_fan":11,"minecraft:skeleton_skull":1,"minecraft:basalt":142,"minecraft:golden_carrot":50,"minecraft:glow_ink_sac":53,"minecraft:leather":50,"minecraft:birch_planks":412,"minecraft:gunpowder":11,"minecraft:cooked_mutton":30,"connectedglass:clear_glass_cyan_pane":20,"minecraft:iron_ingot":144,"minecraft:soul_sand":36,"minecraft:book":712,"minecraft:oak_slab":26,"minecraft:pink_bed":48,"refurbished_furniture:cherry_kitchen_sink":3,"simplefarming:rice_seeds":2,"minecraft:warped_fungus":12,"refurbished_furniture:cherry_desk":8,"minecraft:nether_quartz_ore":1,"minecraft:birch_boat":4,"minecraft:pumpkin":2,"minecraft:stone_brick_slab":22,"minecraft:quartz":860,"minecraft:dandelion":23,"minecraft:raw_iron_block":68,"minecraft:lava_bucket":2,"refurbished_furniture:light_ceiling_light":9,"minecraft:blast_furnace":14,"minecraft:white_bed":5,"minecraft:spider_eye":22,"minecraft:spruce_door":9,"minecraft:music_disc_mall":3,"minecraft:pumpkin_seeds":31,"minecraft:honey_block":28,"minecraft:chainmail_leggings":1,"minecraft:iron_helmet":12,"minecraft:cherry_sapling":167,"minecraft:terracotta":1,"tombstone:magic_scroll":1,"minecraft:coal":471},"minecraft:custom":{"minecraft:interact_with_crafting_table":276,"minecraft:open_barrel":139,"minecraft:eat_cake_slice":3,"minecraft:leave_game":57,"minecraft:time_since_death":1622286,"minecraft:damage_blocked_by_shield":2844,"minecraft:play_time":5277268,"minecraft:deaths":4,"minecraft:jump":35142,"minecraft:enchant_item":32,"minecraft:interact_with_furnace":664,"minecraft:play_record":4,"minecraft:traded_with_villager":2178,"minecraft:sleep_in_bed":246,"minecraft:damage_dealt":101700,"tombstone:undead_killed":80,"minecraft:interact_with_smoker":12,"minecraft:use_cauldron":1,"minecraft:interact_with_smithing_table":20,"minecraft:interact_with_anvil":41,"minecraft:inspect_hopper":1,"minecraft:sneak_time":165172,"minecraft:interact_with_blast_furnace":9,"minecraft:total_world_time":5277268,"tombstone:raider_killed":11,"minecraft:interact_with_stonecutter":88,"minecraft:time_since_rest":154400,"minecraft:swim_one_cm":186153,"minecraft:fly_one_cm":7238839,"minecraft:open_chest":2240,"minecraft:fall_one_cm":730470,"minecraft:animals_bred":1,"minecraft:sprint_one_cm":8323462,"minecraft:drop":2172,"minecraft:talked_to_villager":2289,"minecraft:interact_with_brewingstand":40,"minecraft:walk_on_water_one_cm":381615,"minecraft:interact_with_loom":1,"minecraft:player_kills":5,"minecraft:crouch_one_cm":466702,"minecraft:mob_kills":565,"minecraft:fill_cauldron":3,"minecraft:interact_with_campfire":10,"minecraft:climb_one_cm":22442,"minecraft:walk_one_cm":16745118,"minecraft:raid_win":1,"minecraft:walk_under_water_one_cm":403470,"minecraft:boat_one_cm":1014261,"minecraft:raid_trigger":2,"minecraft:pot_flower":4,"minecraft:interact_with_grindstone":48,"minecraft:damage_taken":45351,"minecraft:damage_absorbed":520,"minecraft:trigger_trapped_chest":12,"minecraft:minecart_one_cm":1004965},"minecraft:broken":{"minecraft:wooden_shovel":2,"minecraft:iron_boots":3,"minecraft:iron_chestplate":1,"minecraft:iron_leggings":2,"takesapillage:ravager_horn":1,"minecraft:diamond_pickaxe":1,"minecraft:iron_sword":2,"minecraft:iron_hoe":1,"minecraft:iron_axe":6,"minecraft:iron_pickaxe":7,"minecraft:iron_helmet":2,"minecraft:wooden_hoe":1,"minecraft:golden_helmet":2,"minecraft:iron_shovel":5,"minecraft:stone_pickaxe":19,"minecraft:stone_axe":10,"minecraft:wooden_axe":3,"minecraft:stone_shovel":3},"minecraft:used":{"minecraft:spruce_slab":8,"minecraft:poppy":3,"minecraft:chest":48,"minecraft:stone":189,"minecraft:rotten_flesh":6,"refurbished_furniture:doorbell":2,"mob_catcher:diamond_mob_catcher":39,"refurbished_furniture:cherry_kitchen_storage_cabinet":22,"mcwdoors:bamboo_glass_door":2,"mcwwindows:cherry_louvered_shutter":8,"minecraft:allium":1,"mcwlights:covered_wall_lantern":33,"minecraft:acacia_sapling":6,"minecraft:snowball":72,"automobility:automobile_assembler":7,"minecraft:spruce_boat":11,"minecraft:lava_bucket":16,"minecraft:grass_block":1,"minecraft:black_stained_glass_pane":9,"minecraft:birch_sapling":83,"minecraft:quartz_block":1,"farmersdelight:melon_popsicle":1,"minecraft:cherry_leaves":2,"connectedglass:clear_glass_pane":4,"refurbished_furniture:spruce_chair":18,"minecraft:stone_brick_stairs":5,"minecraft:bow":86,"minecraft:sweet_berries":3,"minecraft:furnace":27,"minecraft:oak_sapling":18,"refurbished_furniture:cherry_desk":53,"minecraft:egg":26,"minecraft:potato":369,"farmersdelight:beef_stew":1,"refurbished_furniture:oak_table":12,"refurbished_furniture:cherry_drawer":9,"minecraft:diorite":7,"minecraft:spruce_door":26,"minecraft:powered_rail":87,"minecraft:blackstone":40,"minecraft:cactus":15,"minecraft:wooden_pickaxe":59,"minecraft:composter":19,"minecraft:cookie":2,"minecraft:golden_apple":26,"minecraft:sand":29,"minecraft:blast_furnace":17,"mcwwindows:stripped_cherry_log_window2":73,"minecraft:pumpkin_seeds":23,"automobility:auto_mechanic_table":1,"minecraft:birch_slab":5,"minecraft:stone_button":4,"minecraft:lectern":148,"minecraft:cherry_sign":8,"connectedglass:clear_glass_white_pane":24,"minecraft:fire_charge":1,"minecraft:diamond_sword":888,"minecraft:smithing_table":53,"minecraft:birch_log":86,"minecraft:oak_boat":73,"mcwdoors:cherry_western_door":5,"minecraft:oak_trapdoor":2,"camera:image_frame":20,"minecraft:enchanting_table":2,"minecraft:stone_sword":117,"minecraft:armor_stand":17,"mcwwindows:cherry_shutter":15,"refurbished_furniture:light_fridge":10,"connectedglass:borderless_glass_black_pane":6,"minecraft:cooked_salmon":1,"refurbished_furniture:cherry_chair":21,"minecraft:netherrack":750,"refurbished_furniture:cherry_light_ceiling_fan":17,"minecraft:anvil":6,"minecraft:torch":408,"minecraft:brewing_stand":1,"mcwwindows:cherry_plank_window2":43,"minecraft:stone_stairs":49,"minecraft:polished_diorite":1,"minecraft:chipped_anvil":1,"mcwwindows:spruce_window":12,"minecraft:iron_axe":1652,"minecraft:cherry_slab":20,"connectedglass:clear_glass_cyan_pane":117,"minecraft:cherry_fence_gate":9,"refurbished_furniture:oak_desk":4,"minecraft:barrel":5,"minecraft:basalt":51,"minecraft:glowstone":45,"minecraft:trapped_chest":2,"minecraft:cobbled_deepslate":337,"tombstone:gift":6,"farmersdelight:cooking_pot":3,"minecraft:acacia_planks":4,"minecraft:cherry_fence":148,"minecraft:cherry_log":253,"minecraft:water_bucket":918,"minecraft:wheat_seeds":632,"mcwwindows:birch_window":21,"refurbished_furniture:plate":27,"minecraft:birch_planks":1911,"farmersdelight:golden_knife":1,"minecraft:cherry_planks":1549,"minecraft:cauldron":5,"mcwwindows:birch_pane_window":10,"minecraft:rail":1344,"minecraft:tnt":6,"minecraft:crafting_table":26,"minecraft:oak_slab":148,"minecraft:white_bed":4,"mcwdoors:cherry_japanese_door":31,"minecraft:spruce_log":35,"minecraft:cake":1,"minecraft:oak_log":3,"minecraft:mud":1,"minecraft:oxeye_daisy":2,"minecraft:diamond_pickaxe":16515,"minecraft:cornflower":1,"minecraft:iron_pickaxe":1829,"minecraft:spruce_trapdoor":363,"minecraft:spruce_sapling":19,"minecraft:pink_bed":47,"minecraft:cobblestone":1379,"minecraft:potion":1,"additional_lights:fire_for_standing_torch_s":3,"farmersdelight:cooked_bacon":2,"travelersbackpack:standard":18,"minecraft:cooked_porkchop":22,"refurbished_furniture:dark_oak_chair":10,"minecraft:glass_pane":4,"minecraft:dandelion":3,"minecraft:jukebox":1,"minecraft:cherry_sapling":107,"minecraft:light_blue_stained_glass_pane":1,"minecraft:iron_shovel":1432,"refurbished_furniture:spruce_drawer":4,"minecraft:oak_sign":19,"mcwdoors:cherry_glass_door":9,"minecraft:shield":84,"minecraft:diamond_hoe":377,"minecraft:bone_block":5,"farmersdelight:stove":3,"minecraft:iron_sword":1136,"minecraft:zombie_spawn_egg":2,"minecraft:iron_chestplate":8,"mcwwindows:cherry_blinds":22,"minecraft:birch_pressure_plate":41,"refurbished_furniture:pink_sofa":23,"minecraft:jungle_planks":4,"travelersbackpack:pig":4,"minecraft:nether_bricks":1,"minecraft:carrot":216,"minecraft:tuff":416,"minecraft:music_disc_13":2,"refurbished_furniture:cherry_kitchen_sink":5,"minecraft:obsidian":17,"minecraft:glass":3,"minecraft:lantern":166,"minecraft:iron_helmet":6,"minecraft:light_blue_bed":4,"minecraft:stone_bricks":2696,"minecraft:item_frame":25,"minecraft:deepslate_diamond_ore":4,"farmersdelight:cutting_board":19,"minecraft:hay_block":1,"mcwwindows:stripped_cherry_log_window":8,"minecraft:dark_oak_stairs":2,"minecraft:diamond_boots":5,"minecraft:birch_leaves":9,"minecraft:stone_pickaxe":2507,"minecraft:oak_planks":272,"minecraft:sugar_cane":102,"minecraft:diamond_axe":664,"minecraft:blue_bed":47,"minecraft:white_wool":6,"minecraft:crossbow":1,"minecraft:stone_brick_wall":489,"minecraft:shears":38,"minecraft:redstone_torch":47,"minecraft:bread":360,"farmersdelight:cooked_chicken_cuts":1,"minecraft:string":1,"minecraft:birch_fence_gate":2,"minecraft:music_disc_mall":2,"minecraft:deepslate":1,"minecraft:gravel":32,"minecraft:golden_helmet":4,"minecraft:grindstone":5,"minecraft:cooked_rabbit":1,"minecraft:andesite":5,"minecraft:stripped_cherry_log":23,"minecraft:air":1,"minecraft:bone_meal":197,"minecraft:oak_fence":157,"minecraft:cherry_boat":24,"minecraft:experience_bottle":269,"minecraft:flint_and_steel":11,"minecraft:stone_shovel":394,"minecraft:zombie_villager_spawn_egg":26,"minecraft:spruce_planks":280,"minecraft:wooden_shovel":121,"farmersdelight:rice_bag":1,"minecraft:stone_hoe":80,"minecraft:oak_door":4,"minecraft:dirt":1714,"minecraft:white_carpet":108,"minecraft:cherry_pressure_plate":1,"minecraft:spruce_stairs":26,"minecraft:cobblestone_wall":10,"minecraft:golden_chestplate":1,"minecraft:pink_carpet":118,"minecraft:spruce_fence":3,"minecraft:iron_hoe":298,"minecraft:stone_brick_slab":11,"minecraft:dark_oak_planks":4,"minecraft:wooden_axe":214,"refurbished_furniture:pink_stool":8,"minecraft:bookshelf":104,"mcwdoors:cherry_japanese2_door":10,"minecraft:cherry_trapdoor":34,"minecraft:iron_boots":7,"refurbished_furniture:light_lightswitch":18,"minecraft:golden_carrot":171,"refurbished_furniture:spruce_light_ceiling_fan":65,"connectedglass:clear_glass_black_pane":204,"minecraft:minecart":48,"travelersbackpack:cake":1,"minecraft:cooked_beef":59,"minecraft:pumpkin":1,"minecraft:iron_leggings":6,"minecraft:cooked_mutton":39,"farmersdelight:skillet":1,"minecraft:glass_bottle":16,"minecraft:baked_potato":96,"minecraft:birch_boat":2,"minecraft:spruce_sign":1,"minecraft:stonecutter":22,"minecraft:green_bed":3,"minecraft:glow_item_frame":2,"minecraft:flower_pot":3,"minecraft:painting":264,"mcwlights:framed_torch":8,"minecraft:dark_oak_door":2,"minecraft:smoker":4,"tombstone:bag_of_seeds":2,"minecraft:wooden_hoe":63,"minecraft:cherry_door":23,"refurbished_furniture:light_ceiling_light":9,"refurbished_furniture:light_electricity_generator":4,"minecraft:golden_leggings":2,"minecraft:stone_axe":1338,"refurbished_furniture:workbench":4,"minecraft:cherry_stairs":2,"mcwwindows:cherry_plank_parapet":4,"minecraft:white_banner":6,"minecraft:bucket":698,"takesapillage:ravager_horn":1,"minecraft:gray_wool":1,"minecraft:splash_potion":86},"minecraft:killed":{"minecraft:cave_spider":17,"minecraft:skeleton":58,"minecraft:chicken":4,"minecraft:magma_cube":11,"minecraft:salmon":1,"minecraft:pillager":31,"minecraft:zombie":145,"minecraft:glow_squid":6,"takesapillage:archer":8,"minecraft:cow":5,"minecraft:vindicator":5,"minecraft:horse":1,"minecraft:enderman":5,"minecraft:zombified_piglin":12,"minecraft:witch":2,"minecraft:spider":31,"minecraft:piglin":18,"minecraft:pig":2,"minecraft:zombie_villager":26,"minecraft:creeper":6,"minecraft:sheep":10,"minecraft:ghast":1,"minecraft:blaze":122,"takesapillage:legioner":2,"takesapillage:clay_golem":1,"takesapillage:skirmisher":3,"minecraft:hoglin":4,"minecraft:wither_skeleton":16,"minecraft:villager":1},"minecraft:killed_by":{"minecraft:player":1},"minecraft:dropped":{"minecraft:iron_sword":4,"minecraft:porkchop":16,"minecraft:lapis_lazuli":112,"minecraft:oak_pressure_plate":2,"minecraft:cooked_beef":12,"minecraft:glow_ink_sac":53,"minecraft:diamond":74,"minecraft:crafting_table":2,"minecraft:cooked_porkchop":4,"minecraft:crossbow":1,"minecraft:glow_berries":5,"minecraft:glow_item_frame":1,"minecraft:saddle":1,"mcwlights:framed_torch":3,"minecraft:leather_helmet":1,"minecraft:red_mushroom":2,"minecraft:item_frame":4,"minecraft:emerald":47,"minecraft:dirt":222,"minecraft:birch_fence":4,"minecraft:stone_button":3,"minecraft:black_stained_glass_pane":3,"mcwwindows:cherry_louvered_shutter":3,"minecraft:gold_nugget":2,"minecraft:bone_meal":26,"refurbished_furniture:cherry_desk":3,"minecraft:sand":3,"minecraft:iron_pickaxe":6,"mcwdoors:cherry_western_door":1,"minecraft:white_wool":70,"minecraft:blue_bed":21,"minecraft:bone":16,"minecraft:oak_door":2,"minecraft:dark_oak_door":1,"minecraft:stone_axe":2,"minecraft:cherry_boat":1,"minecraft:sugar_cane":5,"minecraft:ancient_debris":1,"minecraft:diamond_block":24,"minecraft:pink_bed":1,"minecraft:cooked_chicken":4,"minecraft:iron_nugget":1,"minecraft:cobbled_deepslate":194,"minecraft:nether_brick":1,"minecraft:birch_sapling":3,"minecraft:wheat":67,"minecraft:obsidian":28,"camera:image":11,"minecraft:rotten_flesh":119,"minecraft:oak_planks":1,"minecraft:pink_carpet":1,"mcwdoors:cherry_japanese_door":2,"refurbished_furniture:cherry_light_ceiling_fan":1,"minecraft:nether_brick_fence":20,"minecraft:white_bed":1,"mcwlights:covered_wall_lantern":3,"mcwwindows:cherry_plank_parapet":3,"minecraft:quartz_block":2,"minecraft:leather_boots":2,"camera:camera":1,"minecraft:painting":8,"minecraft:white_dye":5,"minecraft:spruce_slab":4,"minecraft:crying_obsidian":1,"minecraft:cherry_fence":8,"minecraft:lectern":25,"minecraft:egg":21,"minecraft:enchanted_book":5,"minecraft:iron_ingot":213,"minecraft:wheat_seeds":388,"minecraft:iron_helmet":6,"minecraft:oak_fence":7,"minecraft:feather":2,"minecraft:cobblestone":105,"minecraft:book":80,"minecraft:apple":5,"minecraft:granite":20,"minecraft:spruce_door":2,"minecraft:chainmail_helmet":8,"minecraft:coal_block":11,"minecraft:golden_apple":12,"minecraft:lava_bucket":7,"minecraft:gray_wool":2,"minecraft:golden_carrot":148,"minecraft:wooden_axe":2,"minecraft:cherry_planks":133,"minecraft:diamond_helmet":1,"minecraft:potion":5,"minecraft:pumpkin":1,"minecraft:iron_shovel":1,"minecraft:paper":2,"minecraft:string":46,"minecraft:trapped_chest":1,"automobility:automobile_engine":2,"minecraft:stone_brick_slab":4,"mcwwindows:cherry_shutter":3,"minecraft:furnace":1,"minecraft:bricks":8,"minecraft:moss_carpet":3,"connectedglass:clear_glass_black_pane":12,"minecraft:polished_diorite_slab":3,"minecraft:stone_sword":3,"minecraft:deepslate":8,"minecraft:green_bed":1,"minecraft:diamond_hoe":9,"camera:image_frame":2,"minecraft:stone_shovel":1,"minecraft:white_carpet":17,"minecraft:iron_boots":8,"refurbished_furniture:cherry_chair":1,"minecraft:name_tag":2,"minecraft:spruce_fence":2,"minecraft:oak_sign":14,"refurbished_furniture:light_electricity_generator":1,"minecraft:blast_furnace":1,"mob_catcher:diamond_mob_catcher":1,"minecraft:diamond_sword":4,"minecraft:big_dripleaf":3,"minecraft:cobblestone_slab":7,"minecraft:potato":196,"minecraft:hay_block":3,"minecraft:spruce_boat":2,"minecraft:stone":1,"minecraft:allium":1,"minecraft:spruce_trapdoor":45,"minecraft:spruce_planks":33,"minecraft:diamond_pickaxe":33,"minecraft:barrel":2,"minecraft:stone_bricks":16,"minecraft:spider_eye":5,"minecraft:birch_boat":1,"minecraft:blue_orchid":1,"minecraft:bow":2,"refurbished_furniture:spruce_light_ceiling_fan":1,"minecraft:dark_oak_stairs":3,"minecraft:soul_sand":4,"minecraft:moss_block":10,"minecraft:brown_mushroom":2,"minecraft:birch_planks":53,"minecraft:diamond_axe":8,"minecraft:baked_potato":2,"minecraft:ender_pearl":1,"mcwwindows:birch_pane_window":8,"travelersbackpack:standard":2,"minecraft:birch_slab":34,"minecraft:raw_gold_block":26,"minecraft:flint":3,"additional_lights:fire_for_standing_torch_s":1,"minecraft:zombie_villager_spawn_egg":3,"refurbished_furniture:wrench":3,"minecraft:cornflower":5,"minecraft:snowball":32,"minecraft:cauldron":1,"minecraft:gold_ingot":228,"minecraft:armor_stand":2,"minecraft:gravel":23,"minecraft:blackstone":28,"connectedglass:borderless_glass_black_pane":3,"minecraft:cherry_sapling":25,"minecraft:diorite_stairs":2,"minecraft:stone_stairs":4,"minecraft:cooked_mutton":4,"refurbished_furniture:dark_oak_chair":1,"minecraft:carrot":226,"refurbished_furniture:plate":9,"minecraft:poppy":5,"minecraft:gunpowder":2,"minecraft:skeleton_skull":1,"minecraft:glowstone":1,"minecraft:stone_brick_wall":2,"minecraft:azalea":3,"minecraft:chest":3,"minecraft:chainmail_boots":12,"minecraft:basalt":5,"minecraft:splash_potion":7,"minecraft:netherrack":214,"minecraft:enchanting_table":1,"minecraft:stone_hoe":1,"minecraft:water_bucket":1,"minecraft:bread":52,"minecraft:oak_slab":12,"minecraft:stripped_spruce_log":4,"minecraft:golden_helmet":2,"minecraft:cherry_log":19,"minecraft:bookshelf":55,"minecraft:diamond_leggings":1,"minecraft:poisonous_potato":6,"minecraft:spectral_arrow":1,"minecraft:copper_ingot":124,"minecraft:spruce_stairs":3,"minecraft:stick":114,"minecraft:cherry_fence_gate":2,"minecraft:iron_block":37,"farmersdelight:golden_knife":3,"minecraft:diorite":59,"farmersdelight:melon_popsicle":2,"minecraft:torch":52,"minecraft:fire_charge":1,"minecraft:iron_leggings":6,"minecraft:flowering_azalea":1,"minecraft:stonecutter":1,"minecraft:iron_axe":8,"minecraft:raw_iron_block":50,"mcwdoors:bamboo_glass_door":2,"minecraft:pink_petals":3,"minecraft:tripwire_hook":1,"minecraft:bucket":2,"minecraft:redstone_block":20,"minecraft:dandelion":20,"minecraft:redstone":4,"minecraft:raw_copper":4,"minecraft:tuff":175,"minecraft:raw_iron":7,"minecraft:birch_pressure_plate":3,"minecraft:light_gray_wool":2,"minecraft:smoker":1,"minecraft:iron_hoe":2,"minecraft:flint_and_steel":1,"minecraft:shield":4,"minecraft:diamond_chestplate":1,"minecraft:iron_chestplate":11,"minecraft:andesite":28,"minecraft:golden_leggings":1,"minecraft:oak_boat":13,"minecraft:oak_sapling":5,"minecraft:golden_sword":4,"minecraft:diamond_boots":5,"minecraft:raw_gold":121,"minecraft:stone_pickaxe":44,"minecraft:wooden_pickaxe":2,"minecraft:brick":31},"minecraft:crafted":{"minecraft:smooth_stone":49,"minecraft:chainmail_helmet":16,"minecraft:oak_sign":6,"travelersbackpack:crafting_upgrade":2,"minecraft:cherry_pressure_plate":1,"farmersdelight:melon_popsicle":2,"minecraft:pink_bed":1,"minecraft:blaze_powder":2,"minecraft:birch_slab":30,"automobility:auto_mechanic_table":1,"minecraft:bookshelf":39,"minecraft:cooked_mutton":13,"minecraft:iron_bars":16,"minecraft:glass":243,"minecraft:quartz_block":170,"minecraft:diamond_helmet":7,"minecraft:diamond_leggings":11,"minecraft:birch_fence_gate":2,"mcwdoors:cherry_western_door":3,"minecraft:name_tag":3,"mcwdoors:cherry_glass_door":3,"minecraft:glass_bottle":15,"refurbished_furniture:spruce_light_ceiling_fan":11,"minecraft:wooden_shovel":4,"minecraft:emerald":1545,"minecraft:cooked_porkchop":91,"minecraft:diamond_axe":14,"travelersbackpack:standard":6,"minecraft:raw_gold_block":13,"minecraft:spruce_door":3,"minecraft:smithing_table":5,"minecraft:copper_ingot":76,"mob_catcher:diamond_mob_catcher":2,"mcwlights:framed_torch":4,"minecraft:hay_block":14,"minecraft:campfire":3,"minecraft:stone_brick_stairs":8,"minecraft:lectern":6,"minecraft:wooden_hoe":1,"minecraft:cherry_sign":18,"mcwwindows:window_base":104,"camera:camera":2,"minecraft:iron_pickaxe":12,"refurbished_furniture:light_lightswitch":5,"mcwlights:covered_lantern":2,"minecraft:iron_block":32,"minecraft:gold_ingot":347,"minecraft:composter":2,"mcwdoors:cherry_japanese_door":18,"refurbished_furniture:cherry_desk":6,"mcwwindows:cherry_plank_window2":48,"minecraft:golden_carrot":597,"mcwwindows:cherry_shutter":3,"minecraft:rabbit_stew":12,"minecraft:stone_shovel":3,"minecraft:iron_nugget":288,"minecraft:diamond_hoe":6,"refurbished_furniture:cherry_kitchen_storage_cabinet":6,"travelersbackpack:pig":1,"connectedglass:borderless_glass_black_pane":52,"minecraft:bone_meal":222,"minecraft:spruce_fence":6,"minecraft:pink_dye":6,"travelersbackpack:blank_upgrade":4,"minecraft:stone_stairs":20,"minecraft:diamond":36,"minecraft:cherry_trapdoor":22,"minecraft:lantern":61,"mcwwindows:cherry_blinds":6,"minecraft:spruce_stairs":4,"travelersbackpack:white_sleeping_bag":2,"refurbished_furniture:workbench":1,"minecraft:spruce_slab":12,"refurbished_furniture:pink_sofa":8,"minecraft:stone_pickaxe":61,"minecraft:diamond_boots":17,"minecraft:spruce_boat":2,"refurbished_furniture:doorbell":1,"minecraft:redstone_block":19,"minecraft:golden_helmet":1,"minecraft:chainmail_leggings":7,"minecraft:wheat":897,"minecraft:coal_block":31,"refurbished_furniture:light_ceiling_light":1,"refurbished_furniture:cherry_kitchen_sink":2,"farmersdelight:rice_bag":1,"minecraft:enchanting_table":1,"farmersdelight:cooking_pot":2,"minecraft:enchanted_book":80,"refurbished_furniture:spruce_drawer":4,"mcwwindows:cherry_louvered_shutter":3,"minecraft:golden_apple":7,"minecraft:fermented_spider_eye":4,"minecraft:chainmail_boots":17,"minecraft:wooden_axe":4,"minecraft:iron_leggings":4,"minecraft:iron_shovel":6,"minecraft:white_bed":1,"camera:image_frame":5,"connectedglass:clear_glass_pane":4,"minecraft:brick":116,"mcwwindows:birch_pane_window":8,"mcwwindows:window_half_bar_base":60,"minecraft:oak_planks":948,"minecraft:cherry_slab":18,"minecraft:cooked_chicken":258,"minecraft:cherry_boat":4,"minecraft:stone":1704,"minecraft:cake":1,"minecraft:bow":1,"minecraft:iron_boots":14,"minecraft:chest":23,"minecraft:copper_block":2,"minecraft:rail":96,"minecraft:bricks":20,"minecraft:stone_hoe":1,"minecraft:stone_bricks":27,"minecraft:oak_fence":150,"minecraft:cherry_fence":147,"minecraft:smoker":3,"minecraft:raw_iron_block":68,"refurbished_furniture:light_electricity_generator":3,"refurbished_furniture:oak_desk":3,"farmersdelight:stove":3,"minecraft:oak_slab":96,"minecraft:item_frame":4,"travelersbackpack:iron_tier_upgrade":2,"minecraft:cauldron":2,"minecraft:crafting_table":5,"minecraft:spruce_planks":448,"minecraft:baked_potato":112,"minecraft:wooden_pickaxe":2,"minecraft:iron_helmet":16,"minecraft:birch_pressure_plate":16,"minecraft:chainmail_chestplate":8,"additional_lights:fire_for_standing_torch_s":1,"refurbished_furniture:cherry_drawer":9,"minecraft:brewing_stand":1,"minecraft:birch_planks":1232,"farmersdelight:skillet":1,"refurbished_furniture:plate":12,"minecraft:spruce_trapdoor":70,"minecraft:iron_chestplate":2,"refurbished_furniture:light_fridge":2,"minecraft:paper":264,"minecraft:diamond_pickaxe":17,"minecraft:shield":3,"minecraft:stick":660,"minecraft:iron_ingot":1001,"minecraft:stone_sword":1,"minecraft:redstone_torch":10,"minecraft:shears":1,"minecraft:cherry_planks":1156,"minecraft:oak_door":3,"minecraft:cookie":192,"minecraft:raw_iron":774,"minecraft:coal":540,"minecraft:stone_brick_wall":50,"connectedglass:clear_glass_black_pane":44,"mcwlights:covered_wall_lantern":2,"refurbished_furniture:cherry_light_ceiling_fan":11,"minecraft:blast_furnace":7,"mcwwindows:birch_window":20,"minecraft:furnace":21,"minecraft:stone_button":4,"minecraft:diamond_block":4,"minecraft:oak_trapdoor":2,"automobility:automobile_assembler":2,"refurbished_furniture:cherry_chair":10,"minecraft:iron_axe":10,"minecraft:iron_hoe":3,"refurbished_furniture:pink_stool":4,"mcwwindows:stripped_cherry_log_window2":8,"minecraft:cherry_fence_gate":6,"minecraft:cooked_beef":22,"minecraft:sugar":7,"minecraft:red_dye":3,"minecraft:diamond_sword":2,"travelersbackpack:backpack_tank":6,"minecraft:powered_rail":18,"minecraft:iron_sword":2,"minecraft:bucket":11,"connectedglass:borderless_glass_pane":4,"minecraft:stone_axe":10,"minecraft:air":0,"minecraft:bread":279,"refurbished_furniture:wrench":1,"minecraft:oak_boat":3,"minecraft:raw_gold":117,"minecraft:cherry_door":6,"minecraft:anvil":1,"minecraft:stonecutter":5,"minecraft:torch":88,"minecraft:lapis_lazuli":9,"minecraft:lapis_block":1,"minecraft:diamond_chestplate":7},"minecraft:mined":{"minecraft:dark_oak_planks":6,"minecraft:pink_bed":54,"minecraft:cherry_log":477,"minecraft:obsidian":10,"minecraft:granite":32,"minecraft:stone_brick_wall":30,"minecraft:oak_pressure_plate":1,"minecraft:coal_block":24,"minecraft:lime_stained_glass":1,"minecraft:diorite_stairs":1,"minecraft:oxeye_daisy":1,"minecraft:oak_wall_sign":18,"minecraft:crimson_fungus":1,"minecraft:nether_wart":20,"minecraft:weeping_vines_plant":2,"mcwwindows:spruce_window":1,"minecraft:magma_block":3,"mcwwindows:cherry_shutter":15,"minecraft:cobbled_deepslate":15,"minecraft:barrel":5,"minecraft:fire":170,"minecraft:pumpkin":2,"minecraft:deepslate_lapis_ore":5,"minecraft:enchanting_table":1,"minecraft:cave_vines":13,"minecraft:water_cauldron":2,"minecraft:dirt_path":5,"minecraft:white_banner":4,"minecraft:iron_block":4,"minecraft:brown_mushroom":12,"refurbished_furniture:light_ceiling_light":5,"minecraft:crimson_nylium":2,"minecraft:smoker":2,"minecraft:torch":145,"minecraft:blast_furnace":15,"mcwdoors:cherry_glass_door":7,"minecraft:white_stained_glass_pane":3,"minecraft:glass":3,"refurbished_furniture:light_freezer":5,"minecraft:sugar_cane":190,"minecraft:bricks":3,"minecraft:cherry_slab":6,"minecraft:birch_sapling":10,"minecraft:skeleton_skull":1,"minecraft:cherry_fence":6,"refurbished_furniture:cherry_kitchen_storage_cabinet":17,"minecraft:mud":1,"refurbished_furniture:pink_sofa":13,"minecraft:wheat":429,"minecraft:jukebox":1,"minecraft:pumpkin_stem":22,"minecraft:warped_fungus":12,"minecraft:stone_brick_stairs":5,"minecraft:grass":279,"refurbished_furniture:light_lightswitch":2,"minecraft:stonecutter":19,"minecraft:yellow_stained_glass":1,"minecraft:deepslate":614,"minecraft:light_blue_stained_glass_pane":1,"refurbished_furniture:oak_table":6,"minecraft:cherry_sapling":5,"minecraft:nether_bricks":66,"minecraft:allium":5,"minecraft:spruce_fence":2,"minecraft:jungle_planks":4,"minecraft:crimson_roots":22,"minecraft:red_mushroom":22,"minecraft:moss_block":5,"farmersdelight:wild_onions":10,"minecraft:black_stained_glass_pane":9,"mcwwindows:cherry_louvered_shutter":8,"refurbished_furniture:pink_stool":4,"minecraft:andesite":63,"minecraft:potatoes":264,"minecraft:rail":259,"mcwwindows:cherry_blinds":16,"minecraft:cherry_fence_gate":1,"minecraft:bone_block":54,"minecraft:white_wool":35,"minecraft:smithing_table":50,"minecraft:oak_slab":21,"minecraft:redstone_block":1,"minecraft:cherry_planks":721,"minecraft:soul_sand":2,"minecraft:stone_brick_slab":4,"minecraft:dandelion":12,"mcwwindows:birch_window":21,"minecraft:cornflower":3,"minecraft:emerald_ore":2,"minecraft:campfire":2,"minecraft:copper_ore":32,"minecraft:tall_grass":33,"minecraft:deepslate_gold_ore":113,"minecraft:diorite":55,"minecraft:big_dripleaf":1,"mcwlights:framed_torch":7,"minecraft:black_stained_glass":1,"minecraft:light_blue_bed":4,"additional_lights:fire_for_standing_torch_s":3,"travelersbackpack:pig":4,"minecraft:white_carpet":34,"minecraft:spruce_log":125,"minecraft:birch_leaves":260,"minecraft:zombie_head":2,"minecraft:gravel":50,"minecraft:cobweb":56,"minecraft:acacia_planks":4,"minecraft:stone_bricks":582,"connectedglass:clear_glass_black_pane":1,"minecraft:gold_ore":16,"minecraft:chipped_anvil":1,"minecraft:spruce_planks":127,"minecraft:cherry_pressure_plate":1,"minecraft:farmland":1,"minecraft:oak_sapling":1,"minecraft:sculk_vein":7,"mcwdoors:cherry_japanese_door":7,"minecraft:potted_blue_orchid":2,"mcwdoors:cherry_japanese2_door":4,"minecraft:cherry_trapdoor":18,"minecraft:spruce_trapdoor":158,"minecraft:cave_vines_plant":5,"refurbished_furniture:plate":5,"refurbished_furniture:cherry_desk":2,"minecraft:grass_block":1140,"minecraft:composter":17,"mcwwindows:cherry_plank_window2":11,"minecraft:raw_iron_block":15,"minecraft:glowstone":79,"automobility:automobile_assembler":5,"minecraft:iron_ore":283,"mcwwindows:stripped_cherry_log_window2":1,"minecraft:anvil":5,"minecraft:azure_bluet":1,"minecraft:dark_oak_stairs":5,"minecraft:azalea":2,"mcwwindows:birch_pane_window":10,"minecraft:green_bed":2,"minecraft:spruce_slab":1,"minecraft:deepslate_redstone_ore":126,"refurbished_furniture:spruce_light_ceiling_fan":6,"minecraft:quartz_block":2,"minecraft:blackstone":114,"minecraft:clay":75,"minecraft:poppy":7,"minecraft:chest":16,"minecraft:cobblestone":459,"minecraft:nether_quartz_ore":481,"minecraft:grindstone":5,"minecraft:oak_planks":77,"minecraft:iron_door":1,"minecraft:wall_torch":187,"minecraft:cauldron":2,"minecraft:seagrass":1,"minecraft:stone_stairs":31,"minecraft:powered_rail":1,"minecraft:dark_oak_door":3,"minecraft:nether_wart_block":2,"minecraft:birch_log":322,"minecraft:blue_ice":7,"refurbished_furniture:light_electricity_generator":2,"minecraft:tnt":6,"minecraft:cherry_door":20,"minecraft:oak_log":237,"connectedglass:borderless_glass_black_pane":5,"minecraft:dirt":923,"minecraft:sand":26,"refurbished_furniture:cherry_kitchen_sink":3,"minecraft:tripwire_hook":1,"minecraft:netherrack":11742,"minecraft:ancient_debris":21,"minecraft:oak_leaves":66,"minecraft:diamond_ore":1,"minecraft:nether_gold_ore":169,"minecraft:tuff":591,"minecraft:pink_carpet":16,"minecraft:quartz_stairs":2,"minecraft:deepslate_diamond_ore":54,"minecraft:oak_door":1,"minecraft:stripped_cherry_log":51,"mcwlights:covered_wall_lantern":12,"minecraft:glow_lichen":1,"minecraft:stone_button":1,"minecraft:weeping_vines":2,"minecraft:birch_slab":2,"minecraft:spruce_leaves":8,"minecraft:hay_block":134,"minecraft:furnace":18,"minecraft:carrots":182,"minecraft:peony":13,"minecraft:nether_brick_fence":22,"minecraft:bookshelf":146,"minecraft:deepslate_iron_ore":625,"minecraft:lantern":52,"minecraft:packed_ice":1,"minecraft:stone":2716,"minecraft:birch_pressure_plate":8,"farmersdelight:cooking_pot":1,"minecraft:flowering_azalea":1,"minecraft:snow_block":22,"minecraft:basalt":460,"refurbished_furniture:light_fridge":3,"minecraft:spruce_door":6,"travelersbackpack:standard":2,"minecraft:oak_fence":18,"minecraft:crafting_table":24,"mcwdoors:cherry_western_door":3,"minecraft:honey_block":19,"minecraft:lectern":146,"refurbished_furniture:oak_desk":4,"minecraft:lapis_ore":4,"minecraft:sculk":18,"minecraft:blue_bed":48,"minecraft:birch_planks":309,"refurbished_furniture:workbench":3,"minecraft:spruce_stairs":10,"minecraft:cactus":3,"minecraft:gray_wool":1,"minecraft:redstone_torch":1,"minecraft:sweet_berry_bush":2,"minecraft:ice":273,"minecraft:coal_ore":282,"minecraft:cherry_leaves":25,"minecraft:flower_pot":2,"minecraft:terracotta":1,"refurbished_furniture:cherry_light_ceiling_fan":8}},"DataVersion":3465}