{"stats":{"minecraft:custom":{"minecraft:interact_with_crafting_table":261,"minecraft:open_barrel":136,"minecraft:eat_cake_slice":3,"minecraft:leave_game":47,"minecraft:time_since_death":742682,"minecraft:damage_blocked_by_shield":2463,"minecraft:play_time":4397664,"minecraft:deaths":4,"minecraft:jump":29768,"minecraft:interact_with_furnace":609,"minecraft:play_record":4,"minecraft:traded_with_villager":1440,"minecraft:sleep_in_bed":219,"minecraft:damage_dealt":66201,"tombstone:undead_killed":3,"minecraft:interact_with_smoker":11,"minecraft:use_cauldron":1,"minecraft:interact_with_smithing_table":20,"minecraft:interact_with_anvil":29,"minecraft:inspect_hopper":1,"minecraft:sneak_time":132022,"minecraft:interact_with_blast_furnace":3,"minecraft:total_world_time":4397664,"minecraft:interact_with_stonecutter":88,"minecraft:time_since_rest":6829,"minecraft:swim_one_cm":178639,"minecraft:fly_one_cm":5899677,"minecraft:open_chest":1722,"minecraft:fall_one_cm":623620,"minecraft:animals_bred":1,"minecraft:sprint_one_cm":7074738,"minecraft:drop":1833,"minecraft:talked_to_villager":1694,"minecraft:interact_with_brewingstand":19,"minecraft:walk_on_water_one_cm":359385,"minecraft:interact_with_loom":1,"minecraft:player_kills":5,"minecraft:crouch_one_cm":367321,"minecraft:mob_kills":368,"minecraft:fill_cauldron":3,"minecraft:interact_with_campfire":10,"minecraft:climb_one_cm":21353,"minecraft:walk_one_cm":13967499,"minecraft:raid_win":1,"minecraft:walk_under_water_one_cm":393233,"minecraft:boat_one_cm":1014158,"minecraft:raid_trigger":2,"minecraft:pot_flower":4,"minecraft:interact_with_grindstone":19,"minecraft:damage_taken":32426,"minecraft:damage_absorbed":520,"minecraft:trigger_trapped_chest":12,"minecraft:minecart_one_cm":1004965},"minecraft:dropped":{"minecraft:iron_sword":4,"minecraft:porkchop":10,"minecraft:lapis_lazuli":112,"minecraft:oak_pressure_plate":2,"minecraft:cooked_beef":12,"minecraft:glow_ink_sac":53,"minecraft:diamond":74,"minecraft:crafting_table":2,"minecraft:cooked_porkchop":4,"minecraft:crossbow":1,"minecraft:glow_berries":5,"minecraft:glow_item_frame":1,"minecraft:saddle":1,"mcwlights:framed_torch":3,"minecraft:leather_helmet":1,"minecraft:red_mushroom":2,"minecraft:item_frame":4,"minecraft:emerald":47,"minecraft:dirt":222,"minecraft:birch_fence":4,"minecraft:stone_button":3,"minecraft:black_stained_glass_pane":3,"mcwwindows:cherry_louvered_shutter":3,"minecraft:bone_meal":26,"refurbished_furniture:cherry_desk":3,"minecraft:sand":3,"minecraft:iron_pickaxe":6,"mcwdoors:cherry_western_door":1,"minecraft:white_wool":70,"minecraft:blue_bed":21,"minecraft:bone":16,"minecraft:oak_door":2,"minecraft:dark_oak_door":1,"minecraft:cherry_boat":1,"minecraft:stone_axe":2,"minecraft:sugar_cane":5,"minecraft:diamond_block":24,"minecraft:pink_bed":1,"minecraft:cooked_chicken":4,"minecraft:iron_nugget":1,"minecraft:cobbled_deepslate":149,"minecraft:nether_brick":1,"minecraft:birch_sapling":3,"minecraft:wheat":67,"minecraft:obsidian":28,"camera:image":11,"minecraft:rotten_flesh":105,"minecraft:oak_planks":1,"minecraft:pink_carpet":1,"mcwdoors:cherry_japanese_door":2,"refurbished_furniture:cherry_light_ceiling_fan":1,"minecraft:nether_brick_fence":20,"minecraft:white_bed":1,"mcwlights:covered_wall_lantern":3,"mcwwindows:cherry_plank_parapet":3,"minecraft:quartz_block":2,"minecraft:leather_boots":2,"camera:camera":1,"minecraft:painting":8,"minecraft:white_dye":5,"minecraft:spruce_slab":4,"minecraft:crying_obsidian":1,"minecraft:cherry_fence":7,"minecraft:lectern":25,"minecraft:egg":21,"minecraft:enchanted_book":5,"minecraft:iron_ingot":213,"minecraft:wheat_seeds":388,"minecraft:book":80,"minecraft:oak_fence":7,"minecraft:iron_helmet":6,"minecraft:cobblestone":105,"minecraft:apple":5,"minecraft:granite":20,"minecraft:spruce_door":2,"minecraft:chainmail_helmet":8,"minecraft:coal_block":11,"minecraft:golden_apple":12,"minecraft:lava_bucket":7,"minecraft:gray_wool":2,"minecraft:golden_carrot":20,"minecraft:wooden_axe":2,"minecraft:cherry_planks":133,"minecraft:diamond_helmet":1,"minecraft:potion":4,"minecraft:pumpkin":1,"minecraft:iron_shovel":1,"minecraft:paper":2,"minecraft:string":46,"minecraft:trapped_chest":1,"minecraft:stone_brick_slab":4,"mcwwindows:cherry_shutter":3,"minecraft:bricks":8,"minecraft:moss_carpet":3,"connectedglass:clear_glass_black_pane":12,"minecraft:polished_diorite_slab":3,"minecraft:stone_sword":3,"minecraft:deepslate":8,"minecraft:green_bed":1,"minecraft:diamond_hoe":4,"camera:image_frame":2,"minecraft:stone_shovel":1,"minecraft:white_carpet":17,"minecraft:iron_boots":8,"refurbished_furniture:cherry_chair":1,"minecraft:name_tag":2,"minecraft:spruce_fence":2,"minecraft:oak_sign":14,"refurbished_furniture:light_electricity_generator":1,"minecraft:blast_furnace":1,"minecraft:diamond_sword":4,"minecraft:big_dripleaf":3,"minecraft:cobblestone_slab":7,"minecraft:potato":196,"minecraft:hay_block":3,"minecraft:spruce_boat":2,"minecraft:stone":1,"minecraft:allium":1,"minecraft:spruce_trapdoor":45,"minecraft:spruce_planks":33,"minecraft:diamond_pickaxe":12,"minecraft:barrel":2,"minecraft:stone_bricks":16,"minecraft:spider_eye":5,"minecraft:birch_boat":1,"minecraft:blue_orchid":1,"minecraft:bow":2,"refurbished_furniture:spruce_light_ceiling_fan":1,"minecraft:dark_oak_stairs":3,"minecraft:soul_sand":1,"minecraft:moss_block":10,"minecraft:brown_mushroom":2,"minecraft:birch_planks":53,"minecraft:diamond_axe":2,"minecraft:baked_potato":2,"minecraft:ender_pearl":1,"mcwwindows:birch_pane_window":8,"travelersbackpack:standard":2,"minecraft:birch_slab":34,"minecraft:raw_gold_block":26,"minecraft:flint":3,"additional_lights:fire_for_standing_torch_s":1,"minecraft:zombie_villager_spawn_egg":3,"refurbished_furniture:wrench":3,"minecraft:cornflower":5,"minecraft:snowball":32,"minecraft:cauldron":1,"minecraft:gold_ingot":82,"minecraft:armor_stand":2,"minecraft:gravel":22,"minecraft:blackstone":11,"connectedglass:borderless_glass_black_pane":3,"minecraft:cherry_sapling":25,"minecraft:diorite_stairs":2,"minecraft:stone_stairs":4,"minecraft:cooked_mutton":4,"refurbished_furniture:dark_oak_chair":1,"minecraft:carrot":226,"refurbished_furniture:plate":9,"minecraft:poppy":5,"minecraft:gunpowder":2,"minecraft:skeleton_skull":1,"minecraft:glowstone":1,"minecraft:stone_brick_wall":2,"minecraft:azalea":3,"minecraft:chest":3,"minecraft:chainmail_boots":12,"minecraft:basalt":5,"minecraft:splash_potion":7,"minecraft:netherrack":10,"minecraft:enchanting_table":1,"minecraft:stone_hoe":1,"minecraft:water_bucket":1,"minecraft:bread":52,"minecraft:oak_slab":12,"minecraft:stripped_spruce_log":4,"minecraft:golden_helmet":2,"minecraft:cherry_log":19,"minecraft:bookshelf":55,"minecraft:diamond_leggings":1,"minecraft:poisonous_potato":6,"minecraft:spectral_arrow":1,"minecraft:copper_ingot":76,"minecraft:spruce_stairs":3,"minecraft:stick":114,"minecraft:cherry_fence_gate":2,"minecraft:iron_block":37,"minecraft:diorite":59,"farmersdelight:melon_popsicle":2,"minecraft:torch":40,"minecraft:fire_charge":1,"minecraft:iron_leggings":6,"minecraft:flowering_azalea":1,"minecraft:stonecutter":1,"minecraft:iron_axe":5,"minecraft:raw_iron_block":50,"mcwdoors:bamboo_glass_door":2,"minecraft:pink_petals":3,"minecraft:tripwire_hook":1,"minecraft:bucket":2,"minecraft:redstone_block":19,"minecraft:dandelion":20,"minecraft:redstone":4,"minecraft:raw_copper":4,"minecraft:tuff":175,"minecraft:raw_iron":7,"minecraft:birch_pressure_plate":3,"minecraft:light_gray_wool":2,"minecraft:iron_hoe":2,"minecraft:smoker":1,"minecraft:flint_and_steel":1,"minecraft:shield":4,"minecraft:diamond_chestplate":1,"minecraft:iron_chestplate":11,"minecraft:andesite":28,"minecraft:golden_leggings":1,"minecraft:oak_boat":10,"minecraft:oak_sapling":5,"minecraft:golden_sword":4,"minecraft:diamond_boots":1,"minecraft:raw_gold":121,"minecraft:stone_pickaxe":44,"minecraft:wooden_pickaxe":2,"minecraft:brick":31},"minecraft:picked_up":{"minecraft:wooden_axe":3,"minecraft:iron_chestplate":18,"minecraft:flower_pot":5,"minecraft:anvil":5,"minecraft:smithing_table":43,"minecraft:lead":3,"minecraft:diamond_sword":3,"minecraft:enchanted_book":7,"mcwdoors:cherry_japanese_door":7,"camera:camera":1,"minecraft:golden_sword":4,"connectedglass:borderless_glass_pane":3,"minecraft:string":138,"minecraft:cooked_salmon":1,"minecraft:beetroot_soup":1,"minecraft:cherry_boat":22,"minecraft:gold_nugget":41,"minecraft:cobbled_deepslate":528,"minecraft:spruce_planks":187,"minecraft:coal_block":24,"minecraft:dark_oak_door":3,"minecraft:golden_helmet":6,"minecraft:jukebox":1,"minecraft:composter":17,"minecraft:big_dripleaf":3,"minecraft:green_bed":3,"minecraft:pink_carpet":57,"minecraft:cherry_log":282,"minecraft:cauldron":4,"refurbished_furniture:pink_stool":4,"farmersdelight:melon_popsicle":1,"minecraft:stone_sword":3,"refurbished_furniture:light_lightswitch":2,"farmersdelight:onion":9,"minecraft:iron_block":12,"minecraft:glowstone":36,"minecraft:bookshelf":35,"minecraft:blaze_rod":47,"minecraft:snowball":104,"minecraft:birch_log":335,"minecraft:polished_diorite_slab":3,"minecraft:cooked_beef":42,"farmersdelight:rice":11,"minecraft:iron_door":1,"minecraft:cherry_leaves":2,"minecraft:birch_slab":41,"minecraft:water_bucket":2,"minecraft:smoker":2,"refurbished_furniture:cherry_kitchen_storage_cabinet":17,"farmersdelight:bacon":2,"minecraft:flint":27,"additional_lights:fire_for_standing_torch_s":3,"minecraft:cherry_fence":7,"minecraft:cherry_door":18,"minecraft:lantern":122,"minecraft:zombie_villager_spawn_egg":1,"minecraft:chipped_anvil":1,"refurbished_furniture:spruce_light_ceiling_fan":6,"mcwwindows:birch_window":15,"minecraft:stonecutter":17,"minecraft:glowstone_dust":114,"minecraft:moss_block":10,"minecraft:stripped_spruce_log":4,"minecraft:barrel":7,"refurbished_furniture:dark_oak_chair":1,"minecraft:iron_hoe":2,"refurbished_furniture:pink_sofa":13,"minecraft:deepslate":9,"minecraft:granite":20,"minecraft:bread":82,"minecraft:cherry_slab":6,"mcwdoors:cherry_glass_door":6,"minecraft:bricks":3,"minecraft:diamond_pickaxe":10,"minecraft:mud":1,"minecraft:crafting_table":27,"minecraft:clay_ball":324,"refurbished_furniture:wrench":4,"minecraft:stripped_cherry_log":46,"minecraft:cornflower":6,"minecraft:flint_and_steel":2,"camera:image_frame":21,"minecraft:white_carpet":46,"minecraft:iron_shovel":4,"travelersbackpack:pig":3,"minecraft:glass_pane":14,"minecraft:deepslate_diamond_ore":4,"minecraft:beef":18,"minecraft:iron_nugget":7,"minecraft:poppy":11,"minecraft:spruce_slab":3,"minecraft:minecart":48,"minecraft:quartz_stairs":7,"minecraft:chest":20,"minecraft:birch_sapling":86,"minecraft:diamond_hoe":3,"minecraft:egg":39,"connectedglass:clear_glass_pane":36,"minecraft:stone":247,"minecraft:raw_gold_block":13,"minecraft:oak_door":3,"minecraft:glow_item_frame":3,"minecraft:spruce_fence":5,"minecraft:fire_charge":5,"minecraft:white_dye":11,"minecraft:cake":1,"minecraft:carrot":2168,"minecraft:redstone":440,"minecraft:tnt":6,"minecraft:stone_shovel":1,"minecraft:peony":13,"minecraft:hay_block":206,"minecraft:gold_ingot":37,"minecraft:glow_berries":6,"minecraft:mutton":19,"minecraft:white_wool":117,"minecraft:bone_block":73,"minecraft:rail":292,"minecraft:oxeye_daisy":2,"minecraft:birch_leaves":9,"refurbished_furniture:oak_desk":5,"minecraft:tripwire_hook":1,"minecraft:red_mushroom":28,"minecraft:oak_log":238,"minecraft:blue_bed":64,"minecraft:diorite_stairs":2,"minecraft:paper":89,"minecraft:white_banner":11,"minecraft:birch_pressure_plate":8,"farmersdelight:cooking_pot":1,"minecraft:apple":7,"minecraft:stone_bricks":616,"travelersbackpack:cake":1,"mcwwindows:birch_pane_window":10,"minecraft:stone_pickaxe":15,"minecraft:iron_sword":9,"minecraft:flowering_azalea":1,"travelersbackpack:blank_upgrade":2,"minecraft:dark_oak_stairs":5,"minecraft:sweet_berries":2,"minecraft:gravel":61,"refurbished_furniture:workbench":3,"minecraft:spruce_sapling":18,"minecraft:spruce_log":124,"minecraft:crying_obsidian":11,"mcwwindows:cherry_plank_parapet":2,"minecraft:leather_helmet":1,"travelersbackpack:standard":3,"minecraft:polished_diorite":1,"minecraft:stone_axe":4,"mcwlights:framed_torch":7,"minecraft:painting":236,"minecraft:gray_wool":3,"minecraft:baked_potato":62,"minecraft:pink_dye":15,"minecraft:ender_pearl":6,"minecraft:wheat":848,"minecraft:redstone_block":1,"minecraft:nether_brick_fence":32,"mcwlights:covered_wall_lantern":13,"minecraft:potion":8,"minecraft:nether_brick":10,"minecraft:stone_brick_stairs":5,"refurbished_furniture:plate":20,"mcwwindows:cherry_louvered_shutter":8,"minecraft:raw_copper":82,"minecraft:iron_leggings":14,"minecraft:armor_stand":15,"minecraft:experience_bottle":6,"minecraft:zombie_head":2,"minecraft:oak_sign":28,"minecraft:smooth_stone":8,"minecraft:bucket":4,"minecraft:red_dye":1,"minecraft:redstone_torch":1,"minecraft:cobblestone_slab":7,"minecraft:azalea":3,"minecraft:iron_pickaxe":6,"minecraft:iron_boots":18,"minecraft:furnace":18,"minecraft:stick":328,"minecraft:oak_fence":89,"minecraft:torch":461,"minecraft:spruce_stairs":12,"minecraft:porkchop":25,"minecraft:diorite":66,"travelersbackpack:crafting_upgrade":1,"mcwwindows:stripped_cherry_log_window2":1,"minecraft:quartz_block":14,"minecraft:cactus":9,"minecraft:rotten_flesh":121,"mcwwindows:cherry_plank_window2":10,"minecraft:obsidian":16,"minecraft:cobblestone":3424,"minecraft:pink_petals":3,"minecraft:cherry_planks":997,"minecraft:andesite":67,"minecraft:golden_leggings":6,"minecraft:potato":1036,"minecraft:tuff":529,"minecraft:lapis_lazuli":255,"minecraft:dirt":2128,"minecraft:leather_boots":2,"minecraft:glass":2,"minecraft:bone":67,"minecraft:acacia_planks":4,"minecraft:bow":8,"minecraft:wheat_seeds":1634,"minecraft:raw_gold":263,"minecraft:bell":2,"minecraft:grindstone":4,"minecraft:powered_rail":2,"camera:image":29,"minecraft:oak_planks":144,"minecraft:stone_hoe":1,"minecraft:cooked_porkchop":1,"minecraft:music_disc_13":3,"mcwdoors:cherry_western_door":3,"minecraft:oak_pressure_plate":2,"minecraft:poisonous_potato":6,"mcwwindows:cherry_blinds":16,"minecraft:black_stained_glass_pane":64,"minecraft:sand":40,"minecraft:jungle_planks":4,"mcwdoors:bamboo_glass_door":3,"minecraft:grass_block":2,"minecraft:diamond_block":20,"minecraft:spectral_arrow":20,"minecraft:diamond":79,"minecraft:spruce_boat":11,"minecraft:soul_lantern":1,"minecraft:crossbow":1,"minecraft:bone_meal":20,"minecraft:golden_apple":8,"minecraft:spruce_sign":3,"minecraft:emerald":491,"minecraft:oak_sapling":70,"minecraft:netherrack":206,"minecraft:allium":17,"minecraft:splash_potion":2,"minecraft:chicken":1,"minecraft:ladder":3,"mcwdoors:cherry_japanese2_door":4,"refurbished_furniture:light_fridge":8,"minecraft:brown_mushroom":7,"refurbished_furniture:oak_table":6,"minecraft:packed_ice":8,"minecraft:stone_brick_wall":54,"minecraft:brick":37,"minecraft:shield":7,"minecraft:stone_stairs":36,"minecraft:moss_carpet":3,"minecraft:iron_axe":7,"minecraft:item_frame":20,"takesapillage:ravager_horn":1,"minecraft:blackstone":85,"minecraft:blue_orchid":2,"minecraft:oak_boat":56,"refurbished_furniture:light_electricity_generator":2,"minecraft:light_gray_wool":2,"minecraft:lectern":133,"minecraft:sugar_cane":378,"minecraft:spruce_trapdoor":181,"minecraft:cherry_trapdoor":5,"minecraft:raw_iron":942,"minecraft:copper_ingot":8,"minecraft:stone_button":5,"minecraft:cookie":5,"minecraft:light_blue_bed":3,"minecraft:dark_oak_planks":5,"minecraft:cherry_fence_gate":3,"minecraft:arrow":135,"minecraft:light_blue_stained_glass_pane":1,"mcwwindows:cherry_shutter":15,"refurbished_furniture:cherry_light_ceiling_fan":11,"minecraft:skeleton_skull":1,"minecraft:basalt":13,"minecraft:golden_carrot":16,"minecraft:glow_ink_sac":53,"minecraft:leather":43,"minecraft:birch_planks":406,"minecraft:gunpowder":11,"minecraft:cooked_mutton":30,"connectedglass:clear_glass_cyan_pane":20,"minecraft:iron_ingot":143,"minecraft:soul_sand":29,"minecraft:book":712,"minecraft:oak_slab":26,"minecraft:pink_bed":45,"refurbished_furniture:cherry_kitchen_sink":3,"refurbished_furniture:cherry_desk":8,"minecraft:birch_boat":3,"minecraft:pumpkin":2,"minecraft:stone_brick_slab":22,"minecraft:quartz":7,"minecraft:dandelion":23,"minecraft:raw_iron_block":66,"minecraft:lava_bucket":2,"refurbished_furniture:light_ceiling_light":9,"minecraft:blast_furnace":14,"minecraft:white_bed":1,"minecraft:spruce_door":9,"minecraft:spider_eye":20,"minecraft:music_disc_mall":3,"minecraft:pumpkin_seeds":31,"minecraft:honey_block":28,"minecraft:iron_helmet":12,"minecraft:cherry_sapling":89,"minecraft:coal":371},"minecraft:crafted":{"minecraft:smooth_stone":49,"minecraft:chainmail_helmet":8,"minecraft:oak_sign":6,"travelersbackpack:crafting_upgrade":2,"farmersdelight:melon_popsicle":2,"minecraft:pink_bed":1,"minecraft:blaze_powder":2,"minecraft:birch_slab":30,"minecraft:bookshelf":39,"minecraft:cooked_mutton":13,"minecraft:glass":243,"minecraft:diamond_helmet":5,"minecraft:diamond_leggings":7,"minecraft:birch_fence_gate":2,"mcwdoors:cherry_western_door":3,"minecraft:name_tag":3,"mcwdoors:cherry_glass_door":3,"minecraft:glass_bottle":6,"refurbished_furniture:spruce_light_ceiling_fan":11,"minecraft:wooden_shovel":4,"minecraft:emerald":1101,"minecraft:cooked_porkchop":11,"minecraft:diamond_axe":6,"travelersbackpack:standard":6,"minecraft:raw_gold_block":13,"minecraft:spruce_door":3,"minecraft:smithing_table":1,"minecraft:copper_ingot":76,"mcwlights:framed_torch":4,"minecraft:hay_block":14,"minecraft:campfire":3,"minecraft:stone_brick_stairs":8,"minecraft:lectern":6,"minecraft:wooden_hoe":1,"mcwwindows:window_base":104,"camera:camera":2,"minecraft:iron_pickaxe":12,"minecraft:iron_block":32,"mcwlights:covered_lantern":2,"refurbished_furniture:light_lightswitch":5,"minecraft:gold_ingot":63,"minecraft:composter":2,"mcwdoors:cherry_japanese_door":18,"refurbished_furniture:cherry_desk":6,"mcwwindows:cherry_plank_window2":48,"minecraft:golden_carrot":165,"mcwwindows:cherry_shutter":3,"minecraft:stone_shovel":3,"minecraft:iron_nugget":288,"refurbished_furniture:cherry_kitchen_storage_cabinet":6,"travelersbackpack:pig":1,"connectedglass:borderless_glass_black_pane":52,"minecraft:bone_meal":222,"minecraft:spruce_fence":6,"minecraft:pink_dye":6,"travelersbackpack:blank_upgrade":4,"minecraft:stone_stairs":20,"mcwwindows:cherry_blinds":6,"minecraft:cherry_trapdoor":10,"minecraft:lantern":47,"minecraft:diamond":36,"minecraft:spruce_stairs":4,"travelersbackpack:white_sleeping_bag":2,"refurbished_furniture:workbench":1,"minecraft:spruce_slab":12,"refurbished_furniture:pink_sofa":8,"minecraft:stone_pickaxe":52,"minecraft:diamond_boots":5,"minecraft:spruce_boat":2,"refurbished_furniture:doorbell":1,"minecraft:redstone_block":19,"minecraft:golden_helmet":1,"minecraft:wheat":897,"minecraft:coal_block":31,"refurbished_furniture:light_ceiling_light":1,"refurbished_furniture:cherry_kitchen_sink":2,"farmersdelight:rice_bag":1,"minecraft:enchanting_table":1,"farmersdelight:cooking_pot":2,"minecraft:enchanted_book":80,"refurbished_furniture:spruce_drawer":4,"mcwwindows:cherry_louvered_shutter":3,"minecraft:chainmail_boots":12,"minecraft:fermented_spider_eye":3,"minecraft:wooden_axe":4,"minecraft:iron_leggings":4,"minecraft:iron_shovel":5,"minecraft:white_bed":1,"camera:image_frame":5,"connectedglass:clear_glass_pane":4,"minecraft:brick":116,"mcwwindows:birch_pane_window":8,"mcwwindows:window_half_bar_base":60,"minecraft:oak_planks":948,"minecraft:cherry_slab":18,"minecraft:cooked_chicken":2,"minecraft:cherry_boat":2,"minecraft:stone":1704,"minecraft:cake":1,"minecraft:bow":1,"minecraft:iron_boots":14,"minecraft:chest":20,"minecraft:rail":96,"minecraft:bricks":20,"minecraft:stone_hoe":1,"minecraft:stone_bricks":27,"minecraft:oak_fence":150,"minecraft:cherry_fence":147,"minecraft:smoker":3,"minecraft:raw_iron_block":68,"refurbished_furniture:light_electricity_generator":3,"refurbished_furniture:oak_desk":3,"farmersdelight:stove":3,"minecraft:oak_slab":96,"minecraft:item_frame":4,"travelersbackpack:iron_tier_upgrade":2,"minecraft:cauldron":2,"minecraft:crafting_table":5,"minecraft:spruce_planks":448,"minecraft:baked_potato":112,"minecraft:wooden_pickaxe":2,"minecraft:iron_helmet":16,"minecraft:birch_pressure_plate":16,"additional_lights:fire_for_standing_torch_s":1,"refurbished_furniture:cherry_drawer":9,"minecraft:brewing_stand":1,"minecraft:birch_planks":1232,"farmersdelight:skillet":1,"refurbished_furniture:plate":12,"minecraft:spruce_trapdoor":70,"minecraft:iron_chestplate":2,"minecraft:diamond_pickaxe":14,"minecraft:paper":201,"refurbished_furniture:light_fridge":2,"minecraft:shield":2,"minecraft:stick":660,"minecraft:iron_ingot":922,"minecraft:stone_sword":1,"minecraft:redstone_torch":10,"minecraft:shears":1,"minecraft:cherry_planks":952,"minecraft:cookie":192,"minecraft:oak_door":3,"minecraft:coal":540,"minecraft:raw_iron":756,"minecraft:stone_brick_wall":50,"connectedglass:clear_glass_black_pane":44,"mcwlights:covered_wall_lantern":2,"refurbished_furniture:cherry_light_ceiling_fan":11,"minecraft:blast_furnace":4,"mcwwindows:birch_window":20,"minecraft:furnace":16,"minecraft:stone_button":4,"minecraft:diamond_block":4,"minecraft:oak_trapdoor":2,"refurbished_furniture:cherry_chair":10,"minecraft:iron_axe":8,"minecraft:iron_hoe":3,"refurbished_furniture:pink_stool":4,"mcwwindows:stripped_cherry_log_window2":8,"minecraft:cherry_fence_gate":3,"minecraft:cooked_beef":19,"minecraft:sugar":6,"minecraft:red_dye":3,"minecraft:diamond_sword":2,"travelersbackpack:backpack_tank":6,"minecraft:powered_rail":18,"minecraft:iron_sword":2,"minecraft:bucket":11,"connectedglass:borderless_glass_pane":4,"minecraft:stone_axe":10,"minecraft:air":0,"minecraft:bread":279,"refurbished_furniture:wrench":1,"minecraft:oak_boat":3,"minecraft:raw_gold":54,"minecraft:cherry_door":3,"minecraft:anvil":1,"minecraft:stonecutter":2,"minecraft:torch":88,"minecraft:lapis_lazuli":9,"minecraft:lapis_block":1,"minecraft:diamond_chestplate":5},"minecraft:mined":{"minecraft:dark_oak_planks":6,"minecraft:pink_bed":51,"minecraft:cherry_log":203,"minecraft:obsidian":10,"minecraft:granite":32,"minecraft:stone_brick_wall":30,"minecraft:oak_pressure_plate":1,"minecraft:coal_block":24,"minecraft:lime_stained_glass":1,"minecraft:diorite_stairs":1,"minecraft:oxeye_daisy":1,"minecraft:oak_wall_sign":16,"mcwwindows:cherry_shutter":15,"minecraft:cobbled_deepslate":15,"minecraft:barrel":5,"minecraft:fire":68,"minecraft:pumpkin":2,"minecraft:deepslate_lapis_ore":5,"minecraft:enchanting_table":1,"minecraft:cave_vines":13,"minecraft:water_cauldron":2,"minecraft:dirt_path":5,"minecraft:white_banner":4,"minecraft:iron_block":4,"refurbished_furniture:light_ceiling_light":5,"minecraft:brown_mushroom":5,"minecraft:smoker":2,"minecraft:torch":135,"minecraft:blast_furnace":15,"mcwdoors:cherry_glass_door":6,"minecraft:white_stained_glass_pane":3,"minecraft:glass":3,"refurbished_furniture:light_freezer":5,"minecraft:sugar_cane":141,"minecraft:bricks":3,"minecraft:cherry_slab":6,"minecraft:birch_sapling":10,"minecraft:skeleton_skull":1,"minecraft:cherry_fence":4,"refurbished_furniture:cherry_kitchen_storage_cabinet":17,"minecraft:mud":1,"refurbished_furniture:pink_sofa":13,"minecraft:wheat":429,"minecraft:jukebox":1,"minecraft:pumpkin_stem":22,"minecraft:stone_brick_stairs":5,"minecraft:grass":245,"refurbished_furniture:light_lightswitch":2,"minecraft:stonecutter":16,"minecraft:yellow_stained_glass":1,"minecraft:deepslate":586,"minecraft:light_blue_stained_glass_pane":1,"refurbished_furniture:oak_table":6,"minecraft:cherry_sapling":4,"minecraft:allium":5,"minecraft:spruce_fence":2,"minecraft:jungle_planks":4,"minecraft:red_mushroom":13,"minecraft:moss_block":5,"farmersdelight:wild_onions":10,"minecraft:black_stained_glass_pane":9,"mcwwindows:cherry_louvered_shutter":8,"refurbished_furniture:pink_stool":4,"minecraft:andesite":62,"minecraft:potatoes":264,"minecraft:rail":258,"mcwwindows:cherry_blinds":16,"minecraft:bone_block":54,"minecraft:white_wool":35,"minecraft:smithing_table":42,"minecraft:oak_slab":21,"minecraft:redstone_block":1,"minecraft:cherry_planks":509,"minecraft:stone_brick_slab":4,"minecraft:dandelion":12,"mcwwindows:birch_window":21,"minecraft:cornflower":3,"minecraft:emerald_ore":2,"minecraft:campfire":2,"minecraft:copper_ore":32,"minecraft:tall_grass":30,"minecraft:deepslate_gold_ore":110,"minecraft:diorite":52,"minecraft:big_dripleaf":1,"mcwlights:framed_torch":7,"minecraft:black_stained_glass":1,"minecraft:light_blue_bed":3,"additional_lights:fire_for_standing_torch_s":3,"travelersbackpack:pig":4,"minecraft:white_carpet":34,"minecraft:spruce_log":125,"minecraft:birch_leaves":260,"minecraft:zombie_head":2,"minecraft:gravel":46,"minecraft:cobweb":56,"minecraft:acacia_planks":4,"minecraft:stone_bricks":580,"connectedglass:clear_glass_black_pane":1,"minecraft:gold_ore":12,"minecraft:chipped_anvil":1,"minecraft:spruce_planks":126,"minecraft:farmland":1,"minecraft:oak_sapling":1,"minecraft:sculk_vein":7,"mcwdoors:cherry_japanese_door":6,"minecraft:potted_blue_orchid":2,"mcwdoors:cherry_japanese2_door":4,"minecraft:cherry_trapdoor":5,"minecraft:spruce_trapdoor":141,"minecraft:cave_vines_plant":5,"refurbished_furniture:plate":5,"refurbished_furniture:cherry_desk":2,"minecraft:grass_block":922,"minecraft:composter":17,"mcwwindows:cherry_plank_window2":11,"minecraft:raw_iron_block":13,"minecraft:glowstone":66,"minecraft:iron_ore":203,"mcwwindows:stripped_cherry_log_window2":1,"minecraft:anvil":5,"minecraft:azure_bluet":1,"minecraft:dark_oak_stairs":5,"minecraft:azalea":2,"mcwwindows:birch_pane_window":10,"minecraft:green_bed":2,"minecraft:spruce_slab":1,"minecraft:deepslate_redstone_ore":111,"refurbished_furniture:spruce_light_ceiling_fan":6,"minecraft:quartz_block":2,"minecraft:blackstone":14,"minecraft:clay":75,"minecraft:poppy":7,"minecraft:chest":16,"minecraft:cobblestone":425,"minecraft:grindstone":4,"minecraft:oak_planks":77,"minecraft:iron_door":1,"minecraft:wall_torch":149,"minecraft:cauldron":2,"minecraft:seagrass":1,"minecraft:stone_stairs":31,"minecraft:powered_rail":1,"minecraft:dark_oak_door":3,"minecraft:birch_log":322,"minecraft:blue_ice":7,"refurbished_furniture:light_electricity_generator":2,"minecraft:tnt":6,"minecraft:cherry_door":19,"minecraft:oak_log":237,"connectedglass:borderless_glass_black_pane":5,"minecraft:dirt":910,"minecraft:sand":26,"refurbished_furniture:cherry_kitchen_sink":3,"minecraft:tripwire_hook":1,"minecraft:netherrack":197,"minecraft:oak_leaves":66,"minecraft:nether_gold_ore":5,"minecraft:diamond_ore":1,"minecraft:tuff":580,"minecraft:pink_carpet":16,"minecraft:quartz_stairs":2,"minecraft:deepslate_diamond_ore":52,"minecraft:oak_door":1,"minecraft:stripped_cherry_log":50,"mcwlights:covered_wall_lantern":12,"minecraft:glow_lichen":1,"minecraft:stone_button":1,"minecraft:birch_slab":2,"minecraft:spruce_leaves":8,"minecraft:hay_block":134,"minecraft:furnace":18,"minecraft:carrots":182,"minecraft:peony":13,"minecraft:nether_brick_fence":17,"minecraft:bookshelf":146,"minecraft:deepslate_iron_ore":580,"minecraft:lantern":52,"minecraft:packed_ice":1,"minecraft:stone":2679,"minecraft:birch_pressure_plate":8,"farmersdelight:cooking_pot":1,"minecraft:flowering_azalea":1,"minecraft:snow_block":22,"minecraft:basalt":10,"refurbished_furniture:light_fridge":3,"minecraft:spruce_door":6,"travelersbackpack:standard":2,"minecraft:oak_fence":18,"minecraft:crafting_table":24,"mcwdoors:cherry_western_door":3,"minecraft:honey_block":19,"minecraft:lectern":105,"refurbished_furniture:oak_desk":4,"minecraft:lapis_ore":4,"minecraft:sculk":18,"minecraft:blue_bed":44,"refurbished_furniture:workbench":3,"minecraft:spruce_stairs":10,"minecraft:birch_planks":303,"minecraft:gray_wool":1,"minecraft:cactus":3,"minecraft:redstone_torch":1,"minecraft:sweet_berry_bush":2,"minecraft:ice":273,"minecraft:coal_ore":243,"minecraft:cherry_leaves":24,"minecraft:flower_pot":2,"refurbished_furniture:cherry_light_ceiling_fan":8},"minecraft:killed_by":{"minecraft:player":1},"minecraft:broken":{"minecraft:wooden_shovel":2,"minecraft:iron_boots":3,"minecraft:iron_chestplate":1,"minecraft:iron_leggings":2,"takesapillage:ravager_horn":1,"minecraft:diamond_pickaxe":1,"minecraft:iron_sword":2,"minecraft:iron_hoe":1,"minecraft:iron_axe":6,"minecraft:iron_pickaxe":7,"minecraft:iron_helmet":2,"minecraft:wooden_hoe":1,"minecraft:golden_helmet":2,"minecraft:iron_shovel":4,"minecraft:stone_pickaxe":19,"minecraft:stone_axe":10,"minecraft:wooden_axe":3,"minecraft:stone_shovel":3},"minecraft:used":{"minecraft:spruce_slab":8,"minecraft:poppy":3,"minecraft:chest":46,"minecraft:stone":188,"minecraft:rotten_flesh":6,"refurbished_furniture:doorbell":1,"refurbished_furniture:cherry_kitchen_storage_cabinet":22,"mcwdoors:bamboo_glass_door":2,"mcwwindows:cherry_louvered_shutter":8,"minecraft:allium":1,"mcwlights:covered_wall_lantern":33,"minecraft:acacia_sapling":6,"minecraft:snowball":72,"minecraft:spruce_boat":11,"minecraft:lava_bucket":16,"minecraft:grass_block":1,"minecraft:black_stained_glass_pane":9,"minecraft:birch_sapling":83,"minecraft:quartz_block":1,"farmersdelight:melon_popsicle":1,"minecraft:cherry_leaves":2,"connectedglass:clear_glass_pane":4,"refurbished_furniture:spruce_chair":18,"minecraft:stone_brick_stairs":5,"minecraft:bow":67,"minecraft:sweet_berries":3,"minecraft:furnace":27,"minecraft:oak_sapling":18,"refurbished_furniture:cherry_desk":53,"minecraft:egg":17,"minecraft:potato":369,"farmersdelight:beef_stew":1,"refurbished_furniture:oak_table":12,"refurbished_furniture:cherry_drawer":9,"minecraft:diorite":7,"minecraft:spruce_door":26,"minecraft:powered_rail":87,"minecraft:blackstone":4,"minecraft:cactus":15,"minecraft:wooden_pickaxe":59,"minecraft:composter":19,"minecraft:cookie":2,"minecraft:golden_apple":26,"minecraft:sand":29,"minecraft:blast_furnace":14,"mcwwindows:stripped_cherry_log_window2":73,"minecraft:pumpkin_seeds":23,"minecraft:birch_slab":5,"minecraft:stone_button":4,"minecraft:lectern":103,"connectedglass:clear_glass_white_pane":24,"minecraft:diamond_sword":275,"minecraft:smithing_table":43,"minecraft:birch_log":86,"minecraft:oak_boat":60,"mcwdoors:cherry_western_door":5,"minecraft:oak_trapdoor":2,"camera:image_frame":20,"minecraft:enchanting_table":2,"minecraft:stone_sword":117,"minecraft:armor_stand":17,"mcwwindows:cherry_shutter":15,"refurbished_furniture:light_fridge":10,"connectedglass:borderless_glass_black_pane":6,"refurbished_furniture:cherry_chair":21,"minecraft:cooked_salmon":1,"minecraft:netherrack":132,"refurbished_furniture:cherry_light_ceiling_fan":17,"minecraft:torch":364,"minecraft:brewing_stand":1,"minecraft:anvil":6,"mcwwindows:cherry_plank_window2":43,"minecraft:stone_stairs":49,"minecraft:polished_diorite":1,"minecraft:chipped_anvil":1,"mcwwindows:spruce_window":11,"minecraft:iron_axe":1652,"minecraft:cherry_slab":20,"connectedglass:clear_glass_cyan_pane":117,"minecraft:cherry_fence_gate":4,"refurbished_furniture:oak_desk":4,"minecraft:barrel":5,"minecraft:basalt":3,"minecraft:glowstone":45,"farmersdelight:cooking_pot":3,"minecraft:trapped_chest":2,"minecraft:cobbled_deepslate":312,"minecraft:acacia_planks":4,"minecraft:cherry_fence":147,"minecraft:cherry_log":36,"minecraft:wheat_seeds":632,"minecraft:water_bucket":894,"mcwwindows:birch_window":21,"refurbished_furniture:plate":27,"minecraft:birch_planks":1905,"minecraft:cherry_planks":1077,"minecraft:cauldron":5,"mcwwindows:birch_pane_window":10,"minecraft:rail":1344,"minecraft:tnt":6,"minecraft:crafting_table":26,"minecraft:oak_slab":148,"mcwdoors:cherry_japanese_door":29,"minecraft:spruce_log":35,"minecraft:cake":1,"minecraft:oak_log":3,"minecraft:mud":1,"minecraft:oxeye_daisy":2,"minecraft:diamond_pickaxe":3331,"minecraft:cornflower":1,"minecraft:iron_pickaxe":1829,"minecraft:spruce_trapdoor":346,"minecraft:spruce_sapling":19,"minecraft:pink_bed":44,"minecraft:cobblestone":1334,"minecraft:potion":1,"additional_lights:fire_for_standing_torch_s":3,"travelersbackpack:standard":18,"minecraft:cooked_porkchop":22,"refurbished_furniture:dark_oak_chair":10,"minecraft:glass_pane":4,"minecraft:dandelion":3,"minecraft:jukebox":1,"minecraft:cherry_sapling":64,"minecraft:light_blue_stained_glass_pane":1,"minecraft:iron_shovel":1197,"refurbished_furniture:spruce_drawer":4,"mcwdoors:cherry_glass_door":6,"minecraft:oak_sign":18,"minecraft:shield":77,"minecraft:diamond_hoe":363,"minecraft:bone_block":5,"farmersdelight:stove":3,"minecraft:iron_sword":1136,"minecraft:zombie_spawn_egg":2,"minecraft:iron_chestplate":8,"mcwwindows:cherry_blinds":22,"minecraft:birch_pressure_plate":41,"refurbished_furniture:pink_sofa":23,"minecraft:jungle_planks":4,"travelersbackpack:pig":4,"minecraft:carrot":216,"minecraft:tuff":411,"minecraft:music_disc_13":2,"refurbished_furniture:cherry_kitchen_sink":5,"minecraft:obsidian":17,"minecraft:glass":3,"minecraft:lantern":152,"minecraft:iron_helmet":6,"minecraft:light_blue_bed":3,"minecraft:stone_bricks":2694,"minecraft:item_frame":25,"minecraft:deepslate_diamond_ore":4,"farmersdelight:cutting_board":19,"minecraft:hay_block":1,"mcwwindows:stripped_cherry_log_window":8,"minecraft:dark_oak_stairs":2,"minecraft:birch_leaves":9,"minecraft:stone_pickaxe":2507,"minecraft:oak_planks":272,"minecraft:sugar_cane":78,"minecraft:diamond_axe":22,"minecraft:blue_bed":43,"minecraft:white_wool":6,"minecraft:crossbow":1,"minecraft:stone_brick_wall":489,"minecraft:shears":38,"minecraft:redstone_torch":47,"minecraft:bread":360,"minecraft:string":1,"minecraft:birch_fence_gate":2,"minecraft:music_disc_mall":2,"minecraft:deepslate":1,"minecraft:gravel":31,"minecraft:golden_helmet":4,"minecraft:grindstone":4,"minecraft:cooked_rabbit":1,"minecraft:andesite":5,"minecraft:stripped_cherry_log":23,"minecraft:air":1,"minecraft:bone_meal":197,"minecraft:experience_bottle":269,"minecraft:oak_fence":157,"minecraft:cherry_boat":19,"minecraft:flint_and_steel":11,"minecraft:stone_shovel":394,"minecraft:zombie_villager_spawn_egg":26,"minecraft:spruce_planks":279,"minecraft:wooden_shovel":121,"farmersdelight:rice_bag":1,"minecraft:stone_hoe":80,"minecraft:oak_door":4,"minecraft:dirt":1703,"minecraft:white_carpet":108,"minecraft:spruce_stairs":26,"minecraft:cobblestone_wall":10,"minecraft:golden_chestplate":1,"minecraft:pink_carpet":118,"minecraft:spruce_fence":3,"minecraft:iron_hoe":298,"minecraft:stone_brick_slab":11,"minecraft:dark_oak_planks":4,"minecraft:wooden_axe":214,"refurbished_furniture:pink_stool":8,"minecraft:bookshelf":104,"mcwdoors:cherry_japanese2_door":10,"minecraft:cherry_trapdoor":7,"minecraft:iron_boots":7,"refurbished_furniture:light_lightswitch":18,"minecraft:golden_carrot":13,"refurbished_furniture:spruce_light_ceiling_fan":65,"connectedglass:clear_glass_black_pane":204,"minecraft:minecart":48,"travelersbackpack:cake":1,"minecraft:cooked_beef":58,"minecraft:pumpkin":1,"minecraft:iron_leggings":6,"minecraft:cooked_mutton":39,"farmersdelight:skillet":1,"minecraft:glass_bottle":7,"minecraft:baked_potato":96,"minecraft:birch_boat":2,"minecraft:spruce_sign":1,"minecraft:stonecutter":18,"minecraft:green_bed":2,"minecraft:glow_item_frame":2,"minecraft:painting":257,"mcwlights:framed_torch":8,"minecraft:dark_oak_door":2,"minecraft:smoker":4,"minecraft:flower_pot":3,"minecraft:wooden_hoe":63,"minecraft:cherry_door":21,"refurbished_furniture:light_ceiling_light":9,"refurbished_furniture:light_electricity_generator":4,"minecraft:golden_leggings":2,"minecraft:stone_axe":1338,"refurbished_furniture:workbench":4,"minecraft:cherry_stairs":2,"mcwwindows:cherry_plank_parapet":4,"minecraft:white_banner":6,"minecraft:bucket":674,"takesapillage:ravager_horn":1,"minecraft:gray_wool":1,"minecraft:splash_potion":65},"minecraft:killed":{"minecraft:cave_spider":17,"minecraft:skeleton":52,"minecraft:chicken":2,"minecraft:salmon":1,"minecraft:pillager":26,"minecraft:zombie":92,"minecraft:glow_squid":6,"takesapillage:archer":5,"minecraft:cow":5,"minecraft:vindicator":4,"minecraft:horse":1,"minecraft:enderman":4,"minecraft:zombified_piglin":9,"minecraft:witch":2,"minecraft:spider":28,"minecraft:pig":2,"minecraft:zombie_villager":26,"minecraft:creeper":5,"minecraft:sheep":10,"minecraft:blaze":57,"takesapillage:legioner":1,"takesapillage:clay_golem":1,"takesapillage:skirmisher":3,"minecraft:wither_skeleton":1,"minecraft:villager":1}},"DataVersion":3465}