{
  "takesapillage:root": {
    "criteria": {
      "always": "2024-08-20 21:32:17 -0500"
    },
    "done": true
  },
  "minecraft:recipes/decorations/crafting_table": {
    "criteria": {
      "unlock_right_away": "2024-08-20 21:32:17 -0500"
    },
    "done": true
  },
  "minecraft:adventure/adventuring_time": {
    "criteria": {
      "minecraft:forest": "2024-08-20 21:45:33 -0500",
      "minecraft:plains": "2024-08-20 21:32:18 -0500"
    },
    "done": false
  },
  "minecraft:adventure/root": {
    "criteria": {
      "killed_by_something": "2024-08-20 21:44:32 -0500"
    },
    "done": true
  },
  "DataVersion": 3465
}